temperature_celsius,humidity_percent,precipitation,pm10_ug_m3,pm2_5_ug_m3,co_ug_m3,no2_ug_m3,city,latitude,longitude,timestamp,temp_24h_avg,pm2_5_24h_avg,humidity_24h_avg,hour,day_name,date,aqi_category,temp_anomaly
26.6,82,0.0,17.3,17.0,3042.0,33.5,Colombo,6.9271,79.8612,2026-10-07 00:00:00,26.6,17.0,82.0,0,Wednesday,2026-10-07,Moderate,0.3505952380952415
26.2,85,0.0,15.6,15.3,2938.0,28.0,Colombo,6.9271,79.8612,2026-10-07 01:00:00,26.4,16.15,83.5,1,Wednesday,2026-10-07,Moderate,-0.04940476190476062
25.8,88,0.0,15.0,14.4,2760.0,23.7,Colombo,6.9271,79.8612,2026-10-07 02:00:00,26.2,15.566666666666668,85.0,2,Wednesday,2026-10-07,Moderate,-0.4494047619047592
25.5,89,0.0,15.3,14.2,2487.0,21.9,Colombo,6.9271,79.8612,2026-10-07 03:00:00,26.025,15.225,86.0,3,Wednesday,2026-10-07,Moderate,-0.7494047619047599
25.3,88,0.0,15.8,14.6,2140.0,21.4,Colombo,6.9271,79.8612,2026-10-07 04:00:00,25.880000000000003,15.1,86.4,4,Wednesday,2026-10-07,Moderate,-0.9494047619047592
25.3,87,0.0,16.5,15.3,1844.0,21.1,Colombo,6.9271,79.8612,2026-10-07 05:00:00,25.78333333333333,15.133333333333333,86.5,5,Wednesday,2026-10-07,Moderate,-0.9494047619047592
25.5,86,0.0,19.8,18.6,1653.0,21.1,Colombo,6.9271,79.8612,2026-10-07 06:00:00,25.74285714285714,15.62857142857143,86.42857142857143,6,Wednesday,2026-10-07,Moderate,-0.7494047619047599
27.4,76,0.0,25.2,24.0,1512.0,21.3,Colombo,6.9271,79.8612,2026-10-07 07:00:00,25.95,16.675,85.125,7,Wednesday,2026-10-07,Moderate,1.1505952380952387
29.3,66,0.0,21.6,20.0,1380.0,20.6,Colombo,6.9271,79.8612,2026-10-07 08:00:00,26.322222222222223,17.044444444444444,83.0,8,Wednesday,2026-10-07,Moderate,3.050595238095241
30.8,60,0.0,17.9,16.3,1242.0,17.7,Colombo,6.9271,79.8612,2026-10-07 09:00:00,26.77,16.97,80.7,9,Wednesday,2026-10-07,Moderate,4.550595238095241
31.5,58,0.0,17.4,16.2,1113.0,13.9,Colombo,6.9271,79.8612,2026-10-07 10:00:00,27.2,16.900000000000002,78.63636363636364,10,Wednesday,2026-10-07,Moderate,5.25059523809524
31.5,59,0.2,19.0,18.2,992.0,11.8,Colombo,6.9271,79.8612,2026-10-07 11:00:00,27.558333333333334,17.008333333333333,77.0,11,Wednesday,2026-10-07,Moderate,5.25059523809524
30.6,65,0.1,21.1,20.3,835.0,12.4,Colombo,6.9271,79.8612,2026-10-07 12:00:00,27.792307692307695,17.26153846153846,76.07692307692308,12,Wednesday,2026-10-07,Moderate,4.3505952380952415
30.4,68,0.8,23.1,22.1,686.0,14.7,Colombo,6.9271,79.8612,2026-10-07 13:00:00,27.978571428571428,17.607142857142858,75.5,13,Wednesday,2026-10-07,Moderate,4.150595238095239
30.2,69,0.3,24.7,23.8,675.0,18.8,Colombo,6.9271,79.8612,2026-10-07 14:00:00,28.126666666666665,18.02,75.06666666666666,14,Wednesday,2026-10-07,Moderate,3.9505952380952394
27.3,82,1.5,24.1,23.1,905.0,25.8,Colombo,6.9271,79.8612,2026-10-07 15:00:00,28.075,18.3375,75.5,15,Wednesday,2026-10-07,Moderate,1.0505952380952408
26.5,88,1.6,25.0,24.1,1272.0,34.4,Colombo,6.9271,79.8612,2026-10-07 16:00:00,27.98235294117647,18.676470588235293,76.23529411764706,16,Wednesday,2026-10-07,Moderate,0.2505952380952401
26.6,88,0.5,23.7,22.9,1597.0,41.2,Colombo,6.9271,79.8612,2026-10-07 17:00:00,27.905555555555555,18.91111111111111,76.88888888888889,17,Wednesday,2026-10-07,Moderate,0.3505952380952415
26.3,90,0.0,21.9,21.4,1805.0,44.6,Colombo,6.9271,79.8612,2026-10-07 18:00:00,27.821052631578947,19.042105263157897,77.57894736842105,18,Wednesday,2026-10-07,Moderate,0.0505952380952408
26.2,91,0.0,20.6,20.3,1970.0,46.1,Colombo,6.9271,79.8612,2026-10-07 19:00:00,27.74,19.105,78.25,19,Wednesday,2026-10-07,Moderate,-0.04940476190476062
24.9,96,1.0,22.6,22.4,2135.0,46.4,Colombo,6.9271,79.8612,2026-10-07 20:00:00,27.604761904761908,19.261904761904763,79.0952380952381,20,Wednesday,2026-10-07,Moderate,-1.3494047619047613
24.9,94,0.6,16.7,16.5,2368.0,45.7,Colombo,6.9271,79.8612,2026-10-07 21:00:00,27.481818181818184,19.136363636363637,79.77272727272727,21,Wednesday,2026-10-07,Moderate,-1.3494047619047613
24.9,95,0.1,13.6,13.3,2602.0,43.7,Colombo,6.9271,79.8612,2026-10-07 22:00:00,27.369565217391305,18.882608695652173,80.43478260869566,22,Wednesday,2026-10-07,Moderate,-1.3494047619047613
24.9,93,0.0,15.4,15.1,2676.0,40.8,Colombo,6.9271,79.8612,2026-10-07 23:00:00,27.266666666666666,18.724999999999998,80.95833333333333,23,Wednesday,2026-10-07,Moderate,-1.3494047619047613
24.8,94,0.0,15.9,15.6,2470.0,36.1,Colombo,6.9271,79.8612,2026-10-08 00:00:00,27.191666666666666,18.666666666666668,81.45833333333333,0,Thursday,2026-10-08,Moderate,-1.4494047619047592
24.6,95,0.0,13.7,13.5,2104.0,30.5,Colombo,6.9271,79.8612,2026-10-08 01:00:00,27.125,18.591666666666665,81.875,1,Thursday,2026-10-08,Moderate,-1.6494047619047585
24.4,95,0.0,12.6,12.5,1777.0,26.1,Colombo,6.9271,79.8612,2026-10-08 02:00:00,27.066666666666666,18.5125,82.16666666666667,2,Thursday,2026-10-08,Moderate,-1.8494047619047613
24.3,96,0.0,13.4,13.2,1532.0,24.2,Colombo,6.9271,79.8612,2026-10-08 03:00:00,27.016666666666666,18.470833333333335,82.45833333333333,3,Thursday,2026-10-08,Moderate,-1.9494047619047592
24.3,96,0.0,14.5,14.3,1327.0,23.6,Colombo,6.9271,79.8612,2026-10-08 04:00:00,26.974999999999998,18.458333333333332,82.79166666666667,4,Thursday,2026-10-08,Moderate,-1.9494047619047592
24.3,97,0.0,16.4,16.2,1232.0,23.2,Colombo,6.9271,79.8612,2026-10-08 05:00:00,26.933333333333334,18.495833333333334,83.20833333333333,5,Thursday,2026-10-08,Moderate,-1.9494047619047592
24.5,97,0.0,20.5,20.3,1351.0,22.8,Colombo,6.9271,79.8612,2026-10-08 06:00:00,26.891666666666666,18.566666666666666,83.66666666666667,6,Thursday,2026-10-08,Moderate,-1.74940476190476
25.7,93,0.0,25.9,25.6,1580.0,22.6,Colombo,6.9271,79.8612,2026-10-08 07:00:00,26.82083333333333,18.633333333333336,84.375,7,Thursday,2026-10-08,Moderate,-0.5494047619047606
27.3,85,0.0,22.2,22.1,1681.0,22.0,Colombo,6.9271,79.8612,2026-10-08 08:00:00,26.7375,18.720833333333335,85.16666666666667,8,Thursday,2026-10-08,Moderate,1.0505952380952408
28.8,76,0.0,21.8,21.7,1516.0,20.2,Colombo,6.9271,79.8612,2026-10-08 09:00:00,26.654166666666665,18.945833333333336,85.83333333333333,9,Thursday,2026-10-08,Moderate,2.550595238095241
29.3,72,0.1,23.5,23.3,1223.0,18.1,Colombo,6.9271,79.8612,2026-10-08 10:00:00,26.5625,19.241666666666667,86.41666666666667,10,Thursday,2026-10-08,Moderate,3.050595238095241
29.6,73,0.2,27.2,26.9,976.0,17.2,Colombo,6.9271,79.8612,2026-10-08 11:00:00,26.48333333333333,19.604166666666668,87.0,11,Thursday,2026-10-08,Moderate,3.3505952380952415
30.0,72,0.1,29.3,28.9,793.0,18.0,Colombo,6.9271,79.8612,2026-10-08 12:00:00,26.458333333333332,19.962500000000002,87.29166666666667,12,Thursday,2026-10-08,Moderate,3.75059523809524
28.8,74,0.9,30.4,30.2,655.0,20.1,Colombo,6.9271,79.8612,2026-10-08 13:00:00,26.391666666666666,20.3,87.54166666666667,13,Thursday,2026-10-08,Moderate,2.550595238095241
28.1,79,1.9,31.4,31.1,683.0,24.2,Colombo,6.9271,79.8612,2026-10-08 14:00:00,26.30416666666667,20.604166666666668,87.95833333333333,14,Thursday,2026-10-08,Moderate,1.8505952380952415
27.2,86,1.1,34.7,34.3,1019.0,32.8,Colombo,6.9271,79.8612,2026-10-08 15:00:00,26.299999999999997,21.070833333333333,88.125,15,Thursday,2026-10-08,Moderate,0.9505952380952394
25.9,92,3.3,39.6,39.2,1521.0,43.5,Colombo,6.9271,79.8612,2026-10-08 16:00:00,26.274999999999995,21.7,88.29166666666667,16,Thursday,2026-10-08,Unhealthy for Sensitive Groups,-0.34940476190476133
25.7,93,0.8,38.0,37.6,1882.0,49.6,Colombo,6.9271,79.8612,2026-10-08 17:00:00,26.2375,22.3125,88.5,17,Thursday,2026-10-08,Unhealthy for Sensitive Groups,-0.5494047619047606
25.4,95,0.6,34.7,34.5,1947.0,47.1,Colombo,6.9271,79.8612,2026-10-08 18:00:00,26.2,22.858333333333334,88.70833333333333,18,Thursday,2026-10-08,Moderate,-0.8494047619047613
25.0,97,0.5,21.4,21.2,1872.0,40.0,Colombo,6.9271,79.8612,2026-10-08 19:00:00,26.150000000000002,22.895833333333332,88.95833333333333,19,Thursday,2026-10-08,Moderate,-1.24940476190476
24.9,96,0.2,15.3,15.1,1814.0,34.2,Colombo,6.9271,79.8612,2026-10-08 20:00:00,26.149999999999995,22.59166666666667,88.95833333333333,20,Thursday,2026-10-08,Moderate,-1.3494047619047613
24.7,99,0.0,16.4,16.3,1852.0,32.4,Colombo,6.9271,79.8612,2026-10-08 21:00:00,26.141666666666666,22.583333333333332,89.16666666666667,21,Thursday,2026-10-08,Moderate,-1.5494047619047606
24.4,99,0.0,15.6,15.5,1907.0,31.8,Colombo,6.9271,79.8612,2026-10-08 22:00:00,26.120833333333334,22.675,89.33333333333333,22,Thursday,2026-10-08,Moderate,-1.8494047619047613
24.3,98,0.0,12.7,12.6,1903.0,30.1,Colombo,6.9271,79.8612,2026-10-08 23:00:00,26.095833333333335,22.570833333333336,89.54166666666667,23,Thursday,2026-10-08,Moderate,-1.9494047619047592
24.3,98,0.0,10.9,10.8,1802.0,25.6,Colombo,6.9271,79.8612,2026-10-09 00:00:00,26.075,22.370833333333334,89.70833333333333,0,Friday,2026-10-09,Good,-1.9494047619047592
24.0,98,0.0,9.0,9.0,1643.0,19.9,Colombo,6.9271,79.8612,2026-10-09 01:00:00,26.05,22.183333333333334,89.83333333333333,1,Friday,2026-10-09,Good,-2.24940476190476
23.8,96,0.0,6.9,6.8,1463.0,16.0,Colombo,6.9271,79.8612,2026-10-09 02:00:00,26.024999999999995,21.945833333333336,89.875,2,Friday,2026-10-09,Good,-2.449404761904759
23.9,95,0.0,7.4,7.1,1221.0,15.3,Colombo,6.9271,79.8612,2026-10-09 03:00:00,26.008333333333336,21.691666666666663,89.83333333333333,3,Friday,2026-10-09,Good,-2.3494047619047613
23.8,94,0.0,8.3,7.9,959.0,16.4,Colombo,6.9271,79.8612,2026-10-09 04:00:00,25.9875,21.425,89.75,4,Friday,2026-10-09,Good,-2.449404761904759
23.7,94,0.0,9.5,9.0,844.0,17.7,Colombo,6.9271,79.8612,2026-10-09 05:00:00,25.962500000000002,21.125,89.625,5,Friday,2026-10-09,Good,-2.5494047619047606
24.0,94,0.0,12.3,11.9,1030.0,19.0,Colombo,6.9271,79.8612,2026-10-09 06:00:00,25.941666666666666,20.775000000000002,89.5,6,Friday,2026-10-09,Good,-2.24940476190476
25.4,89,0.0,17.5,17.0,1364.0,20.4,Colombo,6.9271,79.8612,2026-10-09 07:00:00,25.92916666666667,20.416666666666668,89.33333333333333,7,Friday,2026-10-09,Moderate,-0.8494047619047613
27.2,82,0.0,12.3,11.8,1553.0,20.9,Colombo,6.9271,79.8612,2026-10-09 08:00:00,25.924999999999997,19.9875,89.20833333333333,8,Friday,2026-10-09,Good,0.9505952380952394
28.6,76,0.0,9.5,8.9,1443.0,19.5,Colombo,6.9271,79.8612,2026-10-09 09:00:00,25.916666666666668,19.454166666666666,89.20833333333333,9,Friday,2026-10-09,Good,2.3505952380952415
29.2,74,0.1,9.9,9.2,1187.0,17.1,Colombo,6.9271,79.8612,2026-10-09 10:00:00,25.912499999999998,18.866666666666667,89.29166666666667,10,Friday,2026-10-09,Good,2.9505952380952394
28.6,77,0.7,10.5,9.6,953.0,15.7,Colombo,6.9271,79.8612,2026-10-09 11:00:00,25.870833333333337,18.145833333333332,89.45833333333333,11,Friday,2026-10-09,Good,2.3505952380952415
29.0,76,1.0,11.1,10.0,736.0,15.7,Colombo,6.9271,79.8612,2026-10-09 12:00:00,25.82916666666667,17.358333333333334,89.625,12,Friday,2026-10-09,Good,2.75059523809524
27.9,79,1.8,12.3,10.7,542.0,16.6,Colombo,6.9271,79.8612,2026-10-09 13:00:00,25.791666666666668,16.545833333333334,89.83333333333333,13,Friday,2026-10-09,Good,1.6505952380952387
27.7,81,0.7,12.6,10.7,552.0,19.3,Colombo,6.9271,79.8612,2026-10-09 14:00:00,25.774999999999995,15.695833333333333,89.91666666666667,14,Friday,2026-10-09,Good,1.4505952380952394
27.5,82,0.2,12.4,10.6,934.0,24.8,Colombo,6.9271,79.8612,2026-10-09 15:00:00,25.787499999999998,14.708333333333334,89.75,15,Friday,2026-10-09,Good,1.25059523809524
26.8,84,0.2,12.6,11.0,1522.0,32.1,Colombo,6.9271,79.8612,2026-10-09 16:00:00,25.825000000000003,13.533333333333333,89.41666666666667,16,Friday,2026-10-09,Good,0.5505952380952408
26.8,84,0.6,15.8,14.5,1992.0,38.1,Colombo,6.9271,79.8612,2026-10-09 17:00:00,25.870833333333334,12.570833333333335,89.04166666666667,17,Friday,2026-10-09,Moderate,0.5505952380952408
25.8,92,1.5,13.4,12.3,2241.0,41.9,Colombo,6.9271,79.8612,2026-10-09 18:00:00,25.887500000000003,11.645833333333336,88.91666666666667,18,Friday,2026-10-09,Moderate,-0.4494047619047592
25.3,96,0.4,12.3,11.3,2374.0,44.5,Colombo,6.9271,79.8612,2026-10-09 19:00:00,25.900000000000002,11.233333333333333,88.875,19,Friday,2026-10-09,Good,-0.9494047619047592
25.1,98,0.1,13.0,11.9,2383.0,46.2,Colombo,6.9271,79.8612,2026-10-09 20:00:00,25.908333333333335,11.1,88.95833333333333,20,Friday,2026-10-09,Good,-1.1494047619047585
24.9,98,0.0,12.5,11.4,2217.0,47.1,Colombo,6.9271,79.8612,2026-10-09 21:00:00,25.916666666666668,10.895833333333334,88.91666666666667,21,Friday,2026-10-09,Good,-1.3494047619047613
24.7,98,0.0,14.1,12.9,1927.0,47.2,Colombo,6.9271,79.8612,2026-10-09 22:00:00,25.92916666666667,10.787500000000001,88.875,22,Friday,2026-10-09,Moderate,-1.5494047619047606
24.7,97,0.0,15.7,14.4,1662.0,46.3,Colombo,6.9271,79.8612,2026-10-09 23:00:00,25.94583333333333,10.862499999999999,88.83333333333333,23,Friday,2026-10-09,Moderate,-1.5494047619047606
24.6,97,0.0,16.6,15.3,1466.0,44.1,Colombo,6.9271,79.8612,2026-10-10 00:00:00,25.958333333333332,11.049999999999999,88.79166666666667,0,Saturday,2026-10-10,Moderate,-1.6494047619047585
24.6,96,0.0,16.7,15.4,1294.0,41.0,Colombo,6.9271,79.8612,2026-10-10 01:00:00,25.983333333333334,11.316666666666668,88.70833333333333,1,Saturday,2026-10-10,Moderate,-1.6494047619047585
24.6,96,0.0,16.1,14.9,1163.0,38.1,Colombo,6.9271,79.8612,2026-10-10 02:00:00,26.01666666666667,11.654166666666667,88.70833333333333,2,Saturday,2026-10-10,Moderate,-1.6494047619047585
24.2,97,2.2,15.4,14.3,1074.0,35.8,Colombo,6.9271,79.8612,2026-10-10 03:00:00,26.029166666666665,11.954166666666667,88.79166666666667,3,Saturday,2026-10-10,Moderate,-2.0494047619047606
24.6,96,4.6,15.3,14.1,1025.0,33.7,Colombo,6.9271,79.8612,2026-10-10 04:00:00,26.0625,12.2125,88.875,4,Saturday,2026-10-10,Moderate,-1.6494047619047585
24.2,98,1.2,15.3,14.3,1029.0,31.3,Colombo,6.9271,79.8612,2026-10-10 05:00:00,26.083333333333332,12.433333333333332,89.04166666666667,5,Saturday,2026-10-10,Moderate,-2.0494047619047606
23.9,98,0.8,17.3,16.3,1151.0,28.4,Colombo,6.9271,79.8612,2026-10-10 06:00:00,26.079166666666666,12.616666666666667,89.20833333333333,6,Saturday,2026-10-10,Moderate,-2.3494047619047613
24.4,96,0.2,21.2,20.3,1327.0,25.2,Colombo,6.9271,79.8612,2026-10-10 07:00:00,26.037499999999998,12.754166666666668,89.5,7,Saturday,2026-10-10,Moderate,-1.8494047619047613
25.9,90,0.0,16.5,15.2,1373.0,22.2,Colombo,6.9271,79.8612,2026-10-10 08:00:00,25.983333333333334,12.895833333333334,89.83333333333333,8,Saturday,2026-10-10,Moderate,-0.34940476190476133
27.5,84,0.0,13.8,12.0,1157.0,19.1,Colombo,6.9271,79.8612,2026-10-10 09:00:00,25.9375,13.025,90.16666666666667,9,Saturday,2026-10-10,Good,1.25059523809524
28.1,80,0.1,14.7,12.9,812.0,16.1,Colombo,6.9271,79.8612,2026-10-10 10:00:00,25.891666666666666,13.179166666666667,90.41666666666667,10,Saturday,2026-10-10,Moderate,1.8505952380952415
28.6,79,0.1,17.4,15.0,551.0,14.2,Colombo,6.9271,79.8612,2026-10-10 11:00:00,25.891666666666666,13.404166666666669,90.5,11,Saturday,2026-10-10,Moderate,2.3505952380952415
28.6,78,1.0,15.4,13.1,434.0,13.0,Colombo,6.9271,79.8612,2026-10-10 12:00:00,25.875,13.533333333333333,90.58333333333333,12,Saturday,2026-10-10,Moderate,2.3505952380952415
28.3,78,1.0,13.6,11.4,403.0,12.8,Colombo,6.9271,79.8612,2026-10-10 13:00:00,25.891666666666666,13.562500000000002,90.54166666666667,13,Saturday,2026-10-10,Good,2.050595238095241
27.9,79,1.0,11.8,9.7,490.0,15.5,Colombo,6.9271,79.8612,2026-10-10 14:00:00,25.900000000000002,13.520833333333334,90.45833333333333,14,Saturday,2026-10-10,Good,1.6505952380952387
27.6,80,0.2,11.8,9.5,798.0,23.4,Colombo,6.9271,79.8612,2026-10-10 15:00:00,25.90416666666667,13.475000000000001,90.375,15,Saturday,2026-10-10,Good,1.3505952380952415
27.2,82,0.2,13.8,11.8,1226.0,34.1,Colombo,6.9271,79.8612,2026-10-10 16:00:00,25.920833333333334,13.508333333333335,90.29166666666667,16,Saturday,2026-10-10,Good,0.9505952380952394
26.8,84,0.2,17.1,15.5,1504.0,42.5,Colombo,6.9271,79.8612,2026-10-10 17:00:00,25.920833333333334,13.550000000000002,90.29166666666667,17,Saturday,2026-10-10,Moderate,0.5505952380952408
26.2,88,0.2,16.6,15.3,1484.0,46.4,Colombo,6.9271,79.8612,2026-10-10 18:00:00,25.9375,13.674999999999999,90.125,18,Saturday,2026-10-10,Moderate,-0.04940476190476062
25.4,93,0.2,18.6,17.3,1314.0,48.0,Colombo,6.9271,79.8612,2026-10-10 19:00:00,25.941666666666666,13.924999999999999,90.0,19,Saturday,2026-10-10,Moderate,-0.8494047619047613
24.9,96,0.2,20.4,19.3,1173.0,48.9,Colombo,6.9271,79.8612,2026-10-10 20:00:00,25.933333333333334,14.233333333333334,89.91666666666667,20,Saturday,2026-10-10,Moderate,-1.3494047619047613
24.7,97,0.0,25.8,24.3,1140.0,49.6,Colombo,6.9271,79.8612,2026-10-10 21:00:00,25.925,14.770833333333334,89.875,21,Saturday,2026-10-10,Moderate,-1.5494047619047606
24.7,96,0.0,20.7,19.4,1137.0,49.5,Colombo,6.9271,79.8612,2026-10-10 22:00:00,25.924999999999997,15.041666666666666,89.79166666666667,22,Saturday,2026-10-10,Moderate,-1.5494047619047606
24.7,95,0.0,19.3,18.0,1102.0,48.8,Colombo,6.9271,79.8612,2026-10-10 23:00:00,25.925,15.191666666666668,89.70833333333333,23,Saturday,2026-10-10,Moderate,-1.5494047619047606
24.5,96,0.0,19.5,18.3,988.0,47.0,Colombo,6.9271,79.8612,2026-10-11 00:00:00,25.920833333333334,15.316666666666668,89.66666666666667,0,Sunday,2026-10-11,Moderate,-1.74940476190476
24.4,96,0.0,19.9,18.7,843.0,44.5,Colombo,6.9271,79.8612,2026-10-11 01:00:00,25.912499999999998,15.454166666666666,89.66666666666667,1,Sunday,2026-10-11,Moderate,-1.8494047619047613
24.2,97,0.0,19.4,18.3,752.0,42.6,Colombo,6.9271,79.8612,2026-10-11 02:00:00,25.895833333333332,15.595833333333333,89.70833333333333,2,Sunday,2026-10-11,Moderate,-2.0494047619047606
23.9,97,0.1,18.7,17.5,770.0,41.7,Colombo,6.9271,79.8612,2026-10-11 03:00:00,25.883333333333336,15.729166666666666,89.70833333333333,3,Sunday,2026-10-11,Moderate,-2.3494047619047613
23.6,98,0.1,18.3,17.1,842.0,41.4,Colombo,6.9271,79.8612,2026-10-11 04:00:00,25.84166666666667,15.854166666666666,89.79166666666667,4,Sunday,2026-10-11,Moderate,-2.6494047619047585
23.7,97,0.1,18.7,17.5,885.0,41.2,Colombo,6.9271,79.8612,2026-10-11 05:00:00,25.82083333333333,15.987500000000002,89.75,5,Sunday,2026-10-11,Moderate,-2.5494047619047606
24.6,94,0.0,18.7,17.5,895.0,41.2,Colombo,6.9271,79.8612,2026-10-11 06:00:00,25.849999999999998,16.0375,89.58333333333333,6,Sunday,2026-10-11,Moderate,-1.6494047619047585
25.9,89,0.0,18.7,17.5,890.0,41.2,Colombo,6.9271,79.8612,2026-10-11 07:00:00,25.912499999999998,15.920833333333334,89.29166666666667,7,Sunday,2026-10-11,Moderate,-0.34940476190476133
27.0,85,0.0,18.7,17.5,890.0,41.2,Colombo,6.9271,79.8612,2026-10-11 08:00:00,25.958333333333332,16.01666666666667,89.08333333333333,8,Sunday,2026-10-11,Moderate,0.7505952380952401
27.9,82,0.1,18.7,17.5,890.0,41.2,Colombo,6.9271,79.8612,2026-10-11 09:00:00,25.974999999999998,16.245833333333334,89.0,9,Sunday,2026-10-11,Moderate,1.6505952380952387
28.6,78,0.1,18.7,17.5,890.0,41.2,Colombo,6.9271,79.8612,2026-10-11 10:00:00,25.995833333333334,16.4375,88.91666666666667,10,Sunday,2026-10-11,Moderate,2.3505952380952415
28.9,77,0.1,18.7,17.5,890.0,41.2,Colombo,6.9271,79.8612,2026-10-11 11:00:00,26.00833333333333,16.541666666666668,88.83333333333333,11,Sunday,2026-10-11,Moderate,2.6505952380952387
28.7,78,0.5,18.7,17.5,890.0,41.2,Colombo,6.9271,79.8612,2026-10-11 12:00:00,26.0125,16.725,88.83333333333333,12,Sunday,2026-10-11,Moderate,2.4505952380952394
28.2,80,0.5,18.7,17.5,890.0,41.2,Colombo,6.9271,79.8612,2026-10-11 13:00:00,26.008333333333336,16.979166666666668,88.91666666666667,13,Sunday,2026-10-11,Moderate,1.9505952380952394
27.7,83,0.5,18.7,17.5,890.0,41.2,Colombo,6.9271,79.8612,2026-10-11 14:00:00,26.0,17.304166666666667,89.08333333333333,14,Sunday,2026-10-11,Moderate,1.4505952380952394
27.3,84,1.3,18.7,17.5,890.0,41.2,Colombo,6.9271,79.8612,2026-10-11 15:00:00,25.9875,17.6375,89.25,15,Sunday,2026-10-11,Moderate,1.0505952380952408
26.9,86,1.3,18.7,17.5,890.0,41.2,Colombo,6.9271,79.8612,2026-10-11 16:00:00,25.974999999999998,17.875,89.41666666666667,16,Sunday,2026-10-11,Moderate,0.6505952380952387
26.4,88,1.3,18.7,17.5,890.0,41.2,Colombo,6.9271,79.8612,2026-10-11 17:00:00,25.958333333333332,17.958333333333332,89.58333333333333,17,Sunday,2026-10-11,Moderate,0.15059523809523867
25.7,91,1.4,18.7,17.5,890.0,41.2,Colombo,6.9271,79.8612,2026-10-11 18:00:00,25.9375,18.05,89.70833333333333,18,Sunday,2026-10-11,Moderate,-0.5494047619047606
24.9,95,1.4,18.7,17.5,890.0,41.2,Colombo,6.9271,79.8612,2026-10-11 19:00:00,25.916666666666668,18.058333333333334,89.79166666666667,19,Sunday,2026-10-11,Moderate,-1.3494047619047613
24.3,97,1.4,18.7,17.5,890.0,41.2,Colombo,6.9271,79.8612,2026-10-11 20:00:00,25.891666666666666,17.983333333333334,89.83333333333333,20,Sunday,2026-10-11,Moderate,-1.9494047619047592
24.0,98,0.1,18.7,17.5,890.0,41.2,Colombo,6.9271,79.8612,2026-10-11 21:00:00,25.862499999999997,17.7,89.875,21,Sunday,2026-10-11,Moderate,-2.24940476190476
24.0,98,0.1,18.7,17.5,890.0,41.2,Colombo,6.9271,79.8612,2026-10-11 22:00:00,25.833333333333332,17.620833333333334,89.95833333333333,22,Sunday,2026-10-11,Moderate,-2.24940476190476
23.9,98,0.1,18.7,17.5,890.0,41.2,Colombo,6.9271,79.8612,2026-10-11 23:00:00,25.799999999999997,17.6,90.08333333333333,23,Sunday,2026-10-11,Moderate,-2.3494047619047613
23.8,98,0.0,18.7,17.5,890.0,41.2,Colombo,6.9271,79.8612,2026-10-12 00:00:00,25.770833333333332,17.566666666666666,90.16666666666667,0,Monday,2026-10-12,Moderate,-2.449404761904759
23.6,98,0.0,18.7,17.5,890.0,41.2,Colombo,6.9271,79.8612,2026-10-12 01:00:00,25.7375,17.51666666666667,90.25,1,Monday,2026-10-12,Moderate,-2.6494047619047585
23.5,98,0.0,18.7,17.5,890.0,41.2,Colombo,6.9271,79.8612,2026-10-12 02:00:00,25.708333333333332,17.483333333333334,90.29166666666667,2,Monday,2026-10-12,Moderate,-2.74940476190476
23.3,99,0.0,18.7,17.5,890.0,41.2,Colombo,6.9271,79.8612,2026-10-12 03:00:00,25.683333333333334,17.483333333333334,90.375,3,Monday,2026-10-12,Moderate,-2.949404761904759
23.1,99,0.0,18.7,17.5,890.0,41.2,Colombo,6.9271,79.8612,2026-10-12 04:00:00,25.662499999999998,17.5,90.41666666666667,4,Monday,2026-10-12,Moderate,-3.1494047619047585
23.3,97,0.0,18.7,17.5,890.0,41.2,Colombo,6.9271,79.8612,2026-10-12 05:00:00,25.645833333333332,17.5,90.41666666666667,5,Monday,2026-10-12,Moderate,-2.949404761904759
24.1,94,0.0,18.7,17.5,890.0,41.2,Colombo,6.9271,79.8612,2026-10-12 06:00:00,25.625,17.5,90.41666666666667,6,Monday,2026-10-12,Moderate,-2.1494047619047585
25.2,90,0.0,18.7,17.5,890.0,41.2,Colombo,6.9271,79.8612,2026-10-12 07:00:00,25.595833333333335,17.5,90.45833333333333,7,Monday,2026-10-12,Moderate,-1.0494047619047606
26.3,85,0.0,18.7,17.5,890.0,41.2,Colombo,6.9271,79.8612,2026-10-12 08:00:00,25.566666666666666,17.5,90.45833333333333,8,Monday,2026-10-12,Moderate,0.0505952380952408
27.6,80,0.0,18.7,17.5,890.0,41.2,Colombo,6.9271,79.8612,2026-10-12 09:00:00,25.55416666666667,17.5,90.375,9,Monday,2026-10-12,Moderate,1.3505952380952415
28.9,74,0.0,18.7,17.5,890.0,41.2,Colombo,6.9271,79.8612,2026-10-12 10:00:00,25.566666666666666,17.5,90.20833333333333,10,Monday,2026-10-12,Moderate,2.6505952380952387
29.7,71,0.0,18.7,17.5,890.0,41.2,Colombo,6.9271,79.8612,2026-10-12 11:00:00,25.600000000000005,17.5,89.95833333333333,11,Monday,2026-10-12,Moderate,3.4505952380952394
29.7,72,0.1,18.7,17.5,890.0,41.2,Colombo,6.9271,79.8612,2026-10-12 12:00:00,25.641666666666666,17.5,89.70833333333333,12,Monday,2026-10-12,Moderate,3.4505952380952394
29.3,75,0.1,18.7,17.5,890.0,41.2,Colombo,6.9271,79.8612,2026-10-12 13:00:00,25.6875,17.5,89.5,13,Monday,2026-10-12,Moderate,3.050595238095241
28.8,78,0.1,18.7,17.5,890.0,41.2,Colombo,6.9271,79.8612,2026-10-12 14:00:00,25.733333333333334,17.5,89.29166666666667,14,Monday,2026-10-12,Moderate,2.550595238095241
29.0,76,0.1,18.7,17.5,890.0,41.2,Colombo,6.9271,79.8612,2026-10-12 15:00:00,25.804166666666664,17.5,88.95833333333333,15,Monday,2026-10-12,Moderate,2.75059523809524
28.5,79,0.1,18.7,17.5,890.0,41.2,Colombo,6.9271,79.8612,2026-10-12 16:00:00,25.870833333333334,17.5,88.66666666666667,16,Monday,2026-10-12,Moderate,2.25059523809524
28.0,81,0.1,18.7,17.5,890.0,41.2,Colombo,6.9271,79.8612,2026-10-12 17:00:00,25.9375,17.5,88.375,17,Monday,2026-10-12,Moderate,1.75059523809524
27.5,83,1.0,18.7,17.5,890.0,41.2,Colombo,6.9271,79.8612,2026-10-12 18:00:00,26.0125,17.5,88.04166666666667,18,Monday,2026-10-12,Moderate,1.25059523809524
26.8,86,1.0,18.7,17.5,890.0,41.2,Colombo,6.9271,79.8612,2026-10-12 19:00:00,26.091666666666665,17.5,87.66666666666667,19,Monday,2026-10-12,Moderate,0.5505952380952408
26.1,89,1.0,18.7,17.5,890.0,41.2,Colombo,6.9271,79.8612,2026-10-12 20:00:00,26.166666666666668,17.5,87.33333333333333,20,Monday,2026-10-12,Moderate,-0.1494047619047585
25.4,92,1.0,18.7,17.5,890.0,41.2,Colombo,6.9271,79.8612,2026-10-12 21:00:00,26.224999999999998,17.5,87.08333333333333,21,Monday,2026-10-12,Moderate,-0.8494047619047613
24.8,94,1.0,18.7,17.5,890.0,41.2,Colombo,6.9271,79.8612,2026-10-12 22:00:00,26.258333333333336,17.5,86.91666666666667,22,Monday,2026-10-12,Moderate,-1.4494047619047592
24.3,96,1.0,18.7,17.5,890.0,41.2,Colombo,6.9271,79.8612,2026-10-12 23:00:00,26.275000000000002,17.5,86.83333333333333,23,Monday,2026-10-12,Moderate,-1.9494047619047592
23.9,98,0.0,18.7,17.5,890.0,41.2,Colombo,6.9271,79.8612,2026-10-13 00:00:00,26.279166666666665,17.5,86.83333333333333,0,Tuesday,2026-10-13,Moderate,-2.3494047619047613
23.4,99,0.0,18.7,17.5,890.0,41.2,Colombo,6.9271,79.8612,2026-10-13 01:00:00,26.270833333333332,17.5,86.875,1,Tuesday,2026-10-13,Moderate,-2.8494047619047613
23.1,99,0.0,18.7,17.5,890.0,41.2,Colombo,6.9271,79.8612,2026-10-13 02:00:00,26.254166666666663,17.5,86.91666666666667,2,Tuesday,2026-10-13,Moderate,-3.1494047619047585
22.9,98,0.0,18.7,17.5,890.0,41.2,Colombo,6.9271,79.8612,2026-10-13 03:00:00,26.2375,17.5,86.875,3,Tuesday,2026-10-13,Moderate,-3.3494047619047613
22.9,98,0.0,18.7,17.5,890.0,41.2,Colombo,6.9271,79.8612,2026-10-13 04:00:00,26.229166666666668,17.5,86.83333333333333,4,Tuesday,2026-10-13,Moderate,-3.3494047619047613
23.2,96,0.0,18.7,17.5,890.0,41.2,Colombo,6.9271,79.8612,2026-10-13 05:00:00,26.224999999999998,17.5,86.79166666666667,5,Tuesday,2026-10-13,Moderate,-3.0494047619047606
24.0,92,0.0,18.7,17.5,890.0,41.2,Colombo,6.9271,79.8612,2026-10-13 06:00:00,26.22083333333333,17.5,86.70833333333333,6,Tuesday,2026-10-13,Moderate,-2.24940476190476
25.2,87,0.0,18.7,17.5,890.0,41.2,Colombo,6.9271,79.8612,2026-10-13 07:00:00,26.22083333333333,17.5,86.58333333333333,7,Tuesday,2026-10-13,Moderate,-1.0494047619047606
26.6,81,0.0,18.7,17.5,890.0,41.2,Colombo,6.9271,79.8612,2026-10-13 08:00:00,26.233333333333334,17.5,86.41666666666667,8,Tuesday,2026-10-13,Moderate,0.3505952380952415
28.0,76,0.0,18.7,17.5,890.0,41.2,Colombo,6.9271,79.8612,2026-10-13 09:00:00,26.25,17.5,86.25,9,Tuesday,2026-10-13,Moderate,1.75059523809524
29.2,73,0.0,18.7,17.5,890.0,41.2,Colombo,6.9271,79.8612,2026-10-13 10:00:00,26.2625,17.5,86.20833333333333,10,Tuesday,2026-10-13,Moderate,2.9505952380952394
29.9,70,0.0,18.7,17.5,890.0,41.2,Colombo,6.9271,79.8612,2026-10-13 11:00:00,26.270833333333332,17.5,86.16666666666667,11,Tuesday,2026-10-13,Moderate,3.6505952380952387
30.1,70,0.1,18.7,17.5,890.0,41.2,Colombo,6.9271,79.8612,2026-10-13 12:00:00,26.287499999999998,17.5,86.08333333333333,12,Tuesday,2026-10-13,Moderate,3.8505952380952415
29.9,71,0.1,18.7,17.5,890.0,41.2,Colombo,6.9271,79.8612,2026-10-13 13:00:00,26.3125,17.5,85.91666666666667,13,Tuesday,2026-10-13,Moderate,3.6505952380952387
29.5,73,0.1,18.7,17.5,890.0,41.2,Colombo,6.9271,79.8612,2026-10-13 14:00:00,26.34166666666667,17.5,85.70833333333333,14,Tuesday,2026-10-13,Moderate,3.25059523809524
29.0,76,0.1,18.7,17.5,890.0,41.2,Colombo,6.9271,79.8612,2026-10-13 15:00:00,26.34166666666667,17.5,85.70833333333333,15,Tuesday,2026-10-13,Moderate,2.75059523809524
28.5,78,0.1,18.7,17.5,890.0,41.2,Colombo,6.9271,79.8612,2026-10-13 16:00:00,26.34166666666667,17.5,85.66666666666667,16,Tuesday,2026-10-13,Moderate,2.25059523809524
28.0,81,0.1,18.7,17.5,890.0,41.2,Colombo,6.9271,79.8612,2026-10-13 17:00:00,26.34166666666667,17.5,85.66666666666667,17,Tuesday,2026-10-13,Moderate,1.75059523809524
27.5,83,0.1,18.7,17.5,890.0,41.2,Colombo,6.9271,79.8612,2026-10-13 18:00:00,26.34166666666667,17.5,85.66666666666667,18,Tuesday,2026-10-13,Moderate,1.25059523809524
27.0,86,0.1,18.7,17.5,890.0,41.2,Colombo,6.9271,79.8612,2026-10-13 19:00:00,26.350000000000005,17.5,85.66666666666667,19,Tuesday,2026-10-13,Moderate,0.7505952380952401
26.4,89,0.1,18.7,17.5,890.0,41.2,Colombo,6.9271,79.8612,2026-10-13 20:00:00,26.3625,17.5,85.66666666666667,20,Tuesday,2026-10-13,Moderate,0.15059523809523867
25.9,93,0.1,18.7,17.5,890.0,41.2,Colombo,6.9271,79.8612,2026-10-13 21:00:00,26.383333333333336,17.5,85.70833333333333,21,Tuesday,2026-10-13,Moderate,-0.34940476190476133
25.4,95,0.1,18.7,17.5,890.0,41.2,Colombo,6.9271,79.8612,2026-10-13 22:00:00,26.40833333333333,17.5,85.75,22,Tuesday,2026-10-13,Moderate,-0.8494047619047613
25.0,97,0.1,18.7,17.5,890.0,41.2,Colombo,6.9271,79.8612,2026-10-13 23:00:00,26.4375,17.5,85.79166666666667,23,Tuesday,2026-10-13,Moderate,-1.24940476190476
21.9,96,0.0,24.4,23.8,1154.0,17.1,Kandy,7.2906,80.6337,2026-10-07 00:00:00,21.9,23.8,96.0,0,Wednesday,2026-10-07,Moderate,-1.7607142857142861
21.6,96,0.0,24.2,23.7,1017.0,17.2,Kandy,7.2906,80.6337,2026-10-07 01:00:00,21.75,23.75,96.0,1,Wednesday,2026-10-07,Moderate,-2.0607142857142833
21.3,97,0.0,23.9,23.6,882.0,17.4,Kandy,7.2906,80.6337,2026-10-07 02:00:00,21.599999999999998,23.7,96.33333333333333,2,Wednesday,2026-10-07,Moderate,-2.360714285714284
21.3,97,0.0,23.9,23.6,772.0,18.2,Kandy,7.2906,80.6337,2026-10-07 03:00:00,21.525,23.675,96.5,3,Wednesday,2026-10-07,Moderate,-2.360714285714284
21.1,96,0.0,23.7,23.4,665.0,19.0,Kandy,7.2906,80.6337,2026-10-07 04:00:00,21.44,23.619999999999997,96.4,4,Wednesday,2026-10-07,Moderate,-2.5607142857142833
20.7,97,0.0,23.6,23.3,584.0,18.0,Kandy,7.2906,80.6337,2026-10-07 05:00:00,21.316666666666666,23.566666666666666,96.5,5,Wednesday,2026-10-07,Moderate,-2.9607142857142854
21.2,95,0.0,26.2,25.8,553.0,13.6,Kandy,7.2906,80.6337,2026-10-07 06:00:00,21.3,23.885714285714283,96.28571428571429,6,Wednesday,2026-10-07,Moderate,-2.4607142857142854
24.6,81,0.0,19.4,18.4,547.0,7.3,Kandy,7.2906,80.6337,2026-10-07 07:00:00,21.7125,23.2,94.375,7,Wednesday,2026-10-07,Moderate,0.9392857142857167
26.8,70,0.0,12.7,11.4,518.0,2.6,Kandy,7.2906,80.6337,2026-10-07 08:00:00,22.27777777777778,21.88888888888889,91.66666666666667,8,Wednesday,2026-10-07,Good,3.139285714285716
28.5,62,0.0,7.6,6.5,427.0,0.8,Kandy,7.2906,80.6337,2026-10-07 09:00:00,22.9,20.35,88.7,9,Wednesday,2026-10-07,Good,4.839285714285715
30.0,55,0.0,6.5,5.4,312.0,0.6,Kandy,7.2906,80.6337,2026-10-07 10:00:00,23.545454545454547,18.990909090909092,85.63636363636364,10,Wednesday,2026-10-07,Good,6.339285714285715
31.2,50,0.0,5.8,4.7,235.0,0.6,Kandy,7.2906,80.6337,2026-10-07 11:00:00,24.183333333333334,17.8,82.66666666666667,11,Wednesday,2026-10-07,Good,7.539285714285715
32.0,48,0.6,5.3,4.2,224.0,0.5,Kandy,7.2906,80.6337,2026-10-07 12:00:00,24.784615384615385,16.753846153846155,80.0,12,Wednesday,2026-10-07,Good,8.339285714285715
27.0,93,4.6,4.6,3.7,251.0,0.8,Kandy,7.2906,80.6337,2026-10-07 13:00:00,24.942857142857143,15.821428571428571,80.92857142857143,13,Wednesday,2026-10-07,Good,3.3392857142857153
24.2,95,1.4,5.4,4.6,292.0,1.3,Kandy,7.2906,80.6337,2026-10-07 14:00:00,24.89333333333333,15.073333333333332,81.86666666666666,14,Wednesday,2026-10-07,Good,0.5392857142857146
25.2,90,0.3,6.2,5.5,327.0,2.0,Kandy,7.2906,80.6337,2026-10-07 15:00:00,24.9125,14.475,82.375,15,Wednesday,2026-10-07,Good,1.5392857142857146
25.0,88,0.1,7.0,6.2,377.0,2.9,Kandy,7.2906,80.6337,2026-10-07 16:00:00,24.91764705882353,13.988235294117647,82.70588235294117,16,Wednesday,2026-10-07,Good,1.3392857142857153
24.2,91,0.1,8.6,7.9,480.0,4.3,Kandy,7.2906,80.6337,2026-10-07 17:00:00,24.87777777777778,13.649999999999999,83.16666666666667,17,Wednesday,2026-10-07,Good,0.5392857142857146
23.5,96,0.1,11.0,10.6,691.0,6.5,Kandy,7.2906,80.6337,2026-10-07 18:00:00,24.80526315789474,13.489473684210527,83.84210526315789,18,Wednesday,2026-10-07,Good,-0.1607142857142847
23.3,94,0.0,11.6,11.2,955.0,9.3,Kandy,7.2906,80.6337,2026-10-07 19:00:00,24.73,13.375,84.35,19,Wednesday,2026-10-07,Good,-0.360714285714284
22.8,97,0.0,12.8,12.5,1150.0,11.8,Kandy,7.2906,80.6337,2026-10-07 20:00:00,24.638095238095236,13.333333333333334,84.95238095238095,20,Wednesday,2026-10-07,Moderate,-0.860714285714284
22.6,98,0.0,18.2,17.8,1226.0,14.0,Kandy,7.2906,80.6337,2026-10-07 21:00:00,24.545454545454547,13.536363636363637,85.54545454545455,21,Wednesday,2026-10-07,Moderate,-1.0607142857142833
22.4,98,0.0,22.6,22.1,1232.0,16.0,Kandy,7.2906,80.6337,2026-10-07 22:00:00,24.452173913043477,13.908695652173913,86.08695652173913,22,Wednesday,2026-10-07,Moderate,-1.2607142857142861
22.2,99,0.0,23.4,22.8,1190.0,17.3,Kandy,7.2906,80.6337,2026-10-07 23:00:00,24.358333333333334,14.279166666666667,86.625,23,Wednesday,2026-10-07,Moderate,-1.4607142857142854
22.4,98,0.0,22.2,21.6,1095.0,17.7,Kandy,7.2906,80.6337,2026-10-08 00:00:00,24.379166666666666,14.1875,86.70833333333333,0,Thursday,2026-10-08,Moderate,-1.2607142857142861
22.2,98,0.0,21.5,21.1,952.0,17.4,Kandy,7.2906,80.6337,2026-10-08 01:00:00,24.40416666666667,14.079166666666667,86.79166666666667,1,Thursday,2026-10-08,Moderate,-1.4607142857142854
22.3,97,0.0,20.5,20.1,801.0,16.5,Kandy,7.2906,80.6337,2026-10-08 02:00:00,24.445833333333336,13.933333333333332,86.79166666666667,2,Thursday,2026-10-08,Moderate,-1.360714285714284
22.0,97,0.0,15.3,14.5,635.0,15.0,Kandy,7.2906,80.6337,2026-10-08 03:00:00,24.474999999999998,13.554166666666667,86.79166666666667,3,Thursday,2026-10-08,Moderate,-1.6607142857142847
21.7,97,0.0,14.0,13.2,462.0,13.0,Kandy,7.2906,80.6337,2026-10-08 04:00:00,24.5,13.129166666666665,86.83333333333333,4,Thursday,2026-10-08,Moderate,-1.9607142857142854
21.6,97,0.0,14.0,13.4,343.0,10.6,Kandy,7.2906,80.6337,2026-10-08 05:00:00,24.537499999999998,12.716666666666669,86.83333333333333,5,Thursday,2026-10-08,Moderate,-2.0607142857142833
22.0,96,0.0,16.3,15.7,323.0,7.6,Kandy,7.2906,80.6337,2026-10-08 06:00:00,24.57083333333333,12.295833333333334,86.875,6,Thursday,2026-10-08,Moderate,-1.6607142857142847
24.3,89,0.0,11.8,10.9,358.0,4.3,Kandy,7.2906,80.6337,2026-10-08 07:00:00,24.558333333333334,11.983333333333333,87.20833333333333,7,Thursday,2026-10-08,Good,0.639285714285716
26.3,78,0.0,8.0,7.1,380.0,1.9,Kandy,7.2906,80.6337,2026-10-08 08:00:00,24.537499999999998,11.804166666666667,87.54166666666667,8,Thursday,2026-10-08,Good,2.639285714285716
28.4,68,0.0,5.5,4.7,357.0,0.8,Kandy,7.2906,80.6337,2026-10-08 09:00:00,24.53333333333333,11.729166666666666,87.79166666666667,9,Thursday,2026-10-08,Good,4.739285714285714
29.9,61,0.1,4.7,3.9,320.0,0.6,Kandy,7.2906,80.6337,2026-10-08 10:00:00,24.52916666666667,11.66666666666667,88.04166666666667,10,Thursday,2026-10-08,Good,6.239285714285714
28.4,66,0.1,3.9,3.3,297.0,0.7,Kandy,7.2906,80.6337,2026-10-08 11:00:00,24.412499999999998,11.608333333333333,88.70833333333333,11,Thursday,2026-10-08,Good,4.739285714285714
25.2,91,4.5,3.7,3.2,295.0,0.8,Kandy,7.2906,80.6337,2026-10-08 12:00:00,24.129166666666663,11.566666666666668,90.5,12,Thursday,2026-10-08,Good,1.5392857142857146
24.3,95,1.9,5.0,4.8,307.0,1.2,Kandy,7.2906,80.6337,2026-10-08 13:00:00,24.016666666666666,11.612499999999999,90.58333333333333,13,Thursday,2026-10-08,Good,0.639285714285716
25.1,91,0.7,5.2,4.7,334.0,2.1,Kandy,7.2906,80.6337,2026-10-08 14:00:00,24.05416666666667,11.616666666666667,90.41666666666667,14,Thursday,2026-10-08,Good,1.4392857142857167
24.1,96,2.8,5.8,5.5,378.0,3.5,Kandy,7.2906,80.6337,2026-10-08 15:00:00,24.00833333333333,11.616666666666667,90.66666666666667,15,Thursday,2026-10-08,Good,0.4392857142857167
23.1,98,5.9,7.8,7.4,437.0,5.4,Kandy,7.2906,80.6337,2026-10-08 16:00:00,23.929166666666664,11.666666666666666,91.08333333333333,16,Thursday,2026-10-08,Good,-0.5607142857142833
22.9,98,1.3,8.4,8.1,506.0,7.6,Kandy,7.2906,80.6337,2026-10-08 17:00:00,23.875,11.675000000000002,91.375,17,Thursday,2026-10-08,Good,-0.7607142857142861
22.7,98,0.2,10.4,10.2,575.0,10.4,Kandy,7.2906,80.6337,2026-10-08 18:00:00,23.84166666666667,11.658333333333333,91.45833333333333,18,Thursday,2026-10-08,Good,-0.9607142857142854
22.5,98,0.0,14.5,14.1,653.0,13.6,Kandy,7.2906,80.6337,2026-10-08 19:00:00,23.808333333333334,11.779166666666667,91.625,19,Thursday,2026-10-08,Moderate,-1.1607142857142847
22.3,98,0.0,19.6,19.2,765.0,16.5,Kandy,7.2906,80.6337,2026-10-08 20:00:00,23.787499999999998,12.058333333333332,91.66666666666667,20,Thursday,2026-10-08,Moderate,-1.360714285714284
22.4,96,0.0,26.0,25.5,962.0,18.9,Kandy,7.2906,80.6337,2026-10-08 21:00:00,23.77916666666667,12.379166666666668,91.58333333333333,21,Thursday,2026-10-08,Moderate,-1.2607142857142861
22.5,94,0.0,29.8,29.2,1192.0,21.0,Kandy,7.2906,80.6337,2026-10-08 22:00:00,23.783333333333335,12.674999999999999,91.41666666666667,22,Thursday,2026-10-08,Moderate,-1.1607142857142847
22.4,94,0.0,31.2,30.6,1324.0,22.4,Kandy,7.2906,80.6337,2026-10-08 23:00:00,23.791666666666668,13.0,91.20833333333333,23,Thursday,2026-10-08,Moderate,-1.2607142857142861
22.1,95,0.0,31.5,31.0,1278.0,22.7,Kandy,7.2906,80.6337,2026-10-09 00:00:00,23.77916666666667,13.391666666666666,91.08333333333333,0,Friday,2026-10-09,Moderate,-1.5607142857142833
21.7,95,0.0,32.0,31.4,1132.0,22.2,Kandy,7.2906,80.6337,2026-10-09 01:00:00,23.75833333333333,13.820833333333333,90.95833333333333,1,Friday,2026-10-09,Moderate,-1.9607142857142854
21.6,95,0.0,30.3,29.9,993.0,21.6,Kandy,7.2906,80.6337,2026-10-09 02:00:00,23.729166666666668,14.229166666666666,90.875,2,Friday,2026-10-09,Moderate,-2.0607142857142833
21.5,94,0.0,28.9,28.6,894.0,21.6,Kandy,7.2906,80.6337,2026-10-09 03:00:00,23.708333333333332,14.816666666666668,90.75,3,Friday,2026-10-09,Moderate,-2.1607142857142847
21.0,97,0.0,28.6,28.3,800.0,21.5,Kandy,7.2906,80.6337,2026-10-09 04:00:00,23.679166666666664,15.445833333333335,90.75,4,Friday,2026-10-09,Moderate,-2.6607142857142847
20.7,98,0.0,27.2,26.9,716.0,19.8,Kandy,7.2906,80.6337,2026-10-09 05:00:00,23.64166666666667,16.008333333333333,90.79166666666667,5,Friday,2026-10-09,Moderate,-2.9607142857142854
21.0,98,0.0,29.5,29.0,645.0,15.2,Kandy,7.2906,80.6337,2026-10-09 06:00:00,23.600000000000005,16.5625,90.875,6,Friday,2026-10-09,Moderate,-2.6607142857142847
23.1,96,0.0,23.2,23.1,583.0,9.0,Kandy,7.2906,80.6337,2026-10-09 07:00:00,23.549999999999997,17.070833333333336,91.16666666666667,7,Friday,2026-10-09,Moderate,-0.5607142857142833
25.1,85,0.0,14.7,14.7,520.0,4.2,Kandy,7.2906,80.6337,2026-10-09 08:00:00,23.5,17.3875,91.45833333333333,8,Friday,2026-10-09,Moderate,1.4392857142857167
26.9,73,0.0,9.3,9.2,443.0,2.1,Kandy,7.2906,80.6337,2026-10-09 09:00:00,23.4375,17.575,91.66666666666667,9,Friday,2026-10-09,Good,3.239285714285714
28.2,70,0.0,7.6,7.5,365.0,1.3,Kandy,7.2906,80.6337,2026-10-09 10:00:00,23.366666666666664,17.724999999999998,92.04166666666667,10,Friday,2026-10-09,Good,4.539285714285715
28.5,69,0.0,7.1,6.9,315.0,1.1,Kandy,7.2906,80.6337,2026-10-09 11:00:00,23.370833333333334,17.875,92.16666666666667,11,Friday,2026-10-09,Good,4.839285714285715
25.6,88,1.4,6.3,6.1,304.0,1.1,Kandy,7.2906,80.6337,2026-10-09 12:00:00,23.387500000000003,17.995833333333334,92.04166666666667,12,Friday,2026-10-09,Good,1.9392857142857167
23.8,97,2.0,6.3,6.2,321.0,1.5,Kandy,7.2906,80.6337,2026-10-09 13:00:00,23.366666666666664,18.054166666666667,92.125,13,Friday,2026-10-09,Good,0.139285714285716
23.4,96,7.8,8.0,7.9,360.0,2.4,Kandy,7.2906,80.6337,2026-10-09 14:00:00,23.29583333333333,18.187499999999996,92.33333333333333,14,Friday,2026-10-09,Good,-0.2607142857142861
22.5,100,12.3,8.5,8.4,420.0,3.9,Kandy,7.2906,80.6337,2026-10-09 15:00:00,23.229166666666668,18.308333333333334,92.5,15,Friday,2026-10-09,Good,-1.1607142857142847
22.2,98,7.6,10.4,10.4,503.0,5.9,Kandy,7.2906,80.6337,2026-10-09 16:00:00,23.191666666666666,18.433333333333334,92.5,16,Friday,2026-10-09,Good,-1.4607142857142854
22.0,99,4.1,11.8,11.8,606.0,7.5,Kandy,7.2906,80.6337,2026-10-09 17:00:00,23.15416666666667,18.5875,92.54166666666667,17,Friday,2026-10-09,Good,-1.6607142857142847
21.9,99,2.0,9.5,9.5,745.0,8.7,Kandy,7.2906,80.6337,2026-10-09 18:00:00,23.120833333333334,18.558333333333334,92.58333333333333,18,Friday,2026-10-09,Good,-1.7607142857142861
21.8,98,0.9,8.9,8.9,904.0,9.5,Kandy,7.2906,80.6337,2026-10-09 19:00:00,23.09166666666667,18.34166666666667,92.58333333333333,19,Friday,2026-10-09,Good,-1.860714285714284
21.7,98,0.1,8.4,8.4,1034.0,10.0,Kandy,7.2906,80.6337,2026-10-09 20:00:00,23.066666666666666,17.891666666666666,92.58333333333333,20,Friday,2026-10-09,Good,-1.9607142857142854
21.6,98,0.0,8.7,8.7,1134.0,9.8,Kandy,7.2906,80.6337,2026-10-09 21:00:00,23.03333333333333,17.191666666666666,92.66666666666667,21,Friday,2026-10-09,Good,-2.0607142857142833
21.6,97,0.0,7.1,7.1,1205.0,9.3,Kandy,7.2906,80.6337,2026-10-09 22:00:00,22.995833333333334,16.270833333333332,92.79166666666667,22,Friday,2026-10-09,Good,-2.0607142857142833
21.9,94,0.0,6.1,6.0,1197.0,8.9,Kandy,7.2906,80.6337,2026-10-09 23:00:00,22.974999999999998,15.245833333333335,92.79166666666667,23,Friday,2026-10-09,Good,-1.7607142857142861
21.6,93,0.0,6.3,6.3,1053.0,9.0,Kandy,7.2906,80.6337,2026-10-10 00:00:00,22.954166666666666,14.216666666666667,92.70833333333333,0,Saturday,2026-10-10,Good,-2.0607142857142833
21.5,94,0.0,7.4,7.4,831.0,9.4,Kandy,7.2906,80.6337,2026-10-10 01:00:00,22.945833333333336,13.216666666666667,92.66666666666667,1,Saturday,2026-10-10,Good,-2.1607142857142847
21.5,93,0.0,8.0,7.9,657.0,9.8,Kandy,7.2906,80.6337,2026-10-10 02:00:00,22.941666666666666,12.299999999999999,92.58333333333333,2,Saturday,2026-10-10,Good,-2.1607142857142847
21.3,94,0.0,8.1,8.0,590.0,10.8,Kandy,7.2906,80.6337,2026-10-10 03:00:00,22.933333333333334,11.441666666666665,92.58333333333333,3,Saturday,2026-10-10,Good,-2.360714285714284
21.1,95,0.0,8.7,8.7,570.0,11.8,Kandy,7.2906,80.6337,2026-10-10 04:00:00,22.9375,10.625,92.5,4,Saturday,2026-10-10,Good,-2.5607142857142833
20.9,96,0.1,9.9,9.8,548.0,11.6,Kandy,7.2906,80.6337,2026-10-10 05:00:00,22.94583333333333,9.9125,92.41666666666667,5,Saturday,2026-10-10,Good,-2.760714285714286
21.1,98,0.0,13.1,13.0,509.0,8.9,Kandy,7.2906,80.6337,2026-10-10 06:00:00,22.95,9.245833333333334,92.41666666666667,6,Saturday,2026-10-10,Moderate,-2.5607142857142833
22.8,97,0.0,12.7,12.5,467.0,4.9,Kandy,7.2906,80.6337,2026-10-10 07:00:00,22.9375,8.804166666666667,92.45833333333333,7,Saturday,2026-10-10,Moderate,-0.860714285714284
24.9,88,0.0,5.1,5.0,418.0,1.9,Kandy,7.2906,80.6337,2026-10-10 08:00:00,22.92916666666667,8.4,92.58333333333333,8,Saturday,2026-10-10,Good,1.2392857142857139
27.0,74,0.0,3.9,3.7,347.0,0.8,Kandy,7.2906,80.6337,2026-10-10 09:00:00,22.933333333333337,8.170833333333333,92.625,9,Saturday,2026-10-10,Good,3.3392857142857153
27.8,70,0.3,4.4,3.9,268.0,0.6,Kandy,7.2906,80.6337,2026-10-10 10:00:00,22.916666666666668,8.020833333333334,92.625,10,Saturday,2026-10-10,Good,4.139285714285716
26.7,78,1.9,4.5,4.1,218.0,0.6,Kandy,7.2906,80.6337,2026-10-10 11:00:00,22.84166666666667,7.904166666666666,93.0,11,Saturday,2026-10-10,Good,3.0392857142857146
25.8,82,3.8,4.7,4.3,212.0,0.4,Kandy,7.2906,80.6337,2026-10-10 12:00:00,22.849999999999998,7.829166666666667,92.75,12,Saturday,2026-10-10,Good,2.139285714285716
24.3,90,3.8,5.1,4.7,234.0,0.3,Kandy,7.2906,80.6337,2026-10-10 13:00:00,22.870833333333334,7.766666666666667,92.45833333333333,13,Saturday,2026-10-10,Good,0.639285714285716
23.2,96,3.8,5.8,5.2,276.0,0.6,Kandy,7.2906,80.6337,2026-10-10 14:00:00,22.8625,7.654166666666666,92.45833333333333,14,Saturday,2026-10-10,Good,-0.4607142857142854
22.7,98,1.2,5.9,5.3,328.0,1.5,Kandy,7.2906,80.6337,2026-10-10 15:00:00,22.870833333333337,7.5249999999999995,92.375,15,Saturday,2026-10-10,Good,-0.9607142857142854
22.5,99,1.2,7.0,6.5,399.0,2.8,Kandy,7.2906,80.6337,2026-10-10 16:00:00,22.883333333333336,7.3625,92.41666666666667,16,Saturday,2026-10-10,Good,-1.1607142857142847
22.4,98,1.2,7.8,7.5,511.0,4.5,Kandy,7.2906,80.6337,2026-10-10 17:00:00,22.900000000000002,7.183333333333334,92.375,17,Saturday,2026-10-10,Good,-1.2607142857142861
22.3,98,0.1,6.3,6.2,699.0,6.7,Kandy,7.2906,80.6337,2026-10-10 18:00:00,22.916666666666668,7.045833333333333,92.33333333333333,18,Saturday,2026-10-10,Good,-1.360714285714284
22.3,97,0.1,7.6,7.5,928.0,9.2,Kandy,7.2906,80.6337,2026-10-10 19:00:00,22.9375,6.9875,92.29166666666667,19,Saturday,2026-10-10,Good,-1.360714285714284
22.2,96,0.1,12.0,11.8,1113.0,11.7,Kandy,7.2906,80.6337,2026-10-10 20:00:00,22.958333333333332,7.129166666666666,92.20833333333333,20,Saturday,2026-10-10,Good,-1.4607142857142854
22.1,95,0.0,19.3,18.8,1236.0,14.2,Kandy,7.2906,80.6337,2026-10-10 21:00:00,22.979166666666668,7.550000000000001,92.08333333333333,21,Saturday,2026-10-10,Moderate,-1.5607142857142833
21.9,95,0.0,24.0,23.6,1315.0,16.5,Kandy,7.2906,80.6337,2026-10-10 22:00:00,22.991666666666664,8.2375,92.0,22,Saturday,2026-10-10,Moderate,-1.7607142857142861
21.6,95,0.0,23.2,23.0,1318.0,18.0,Kandy,7.2906,80.6337,2026-10-10 23:00:00,22.979166666666668,8.945833333333335,92.04166666666667,23,Saturday,2026-10-10,Moderate,-2.0607142857142833
21.2,96,0.0,21.8,21.7,1203.0,18.0,Kandy,7.2906,80.6337,2026-10-11 00:00:00,22.962500000000002,9.5875,92.16666666666667,0,Sunday,2026-10-11,Moderate,-2.4607142857142854
20.8,97,0.0,21.0,20.9,1013.0,17.2,Kandy,7.2906,80.6337,2026-10-11 01:00:00,22.933333333333334,10.15,92.29166666666667,1,Sunday,2026-10-11,Moderate,-2.860714285714284
20.4,98,0.0,20.0,19.8,838.0,16.6,Kandy,7.2906,80.6337,2026-10-11 02:00:00,22.8875,10.645833333333334,92.5,2,Sunday,2026-10-11,Moderate,-3.260714285714286
19.9,99,0.0,19.4,19.4,690.0,16.6,Kandy,7.2906,80.6337,2026-10-11 03:00:00,22.829166666666666,11.120833333333332,92.70833333333333,3,Sunday,2026-10-11,Moderate,-3.760714285714286
19.5,99,0.0,19.8,19.7,557.0,16.7,Kandy,7.2906,80.6337,2026-10-11 04:00:00,22.7625,11.579166666666666,92.875,4,Sunday,2026-10-11,Moderate,-4.160714285714285
19.8,98,0.0,20.4,20.3,500.0,16.8,Kandy,7.2906,80.6337,2026-10-11 05:00:00,22.71666666666667,12.016666666666666,92.95833333333333,5,Sunday,2026-10-11,Moderate,-3.860714285714284
21.2,95,0.0,20.4,20.3,475.0,16.8,Kandy,7.2906,80.6337,2026-10-11 06:00:00,22.72083333333333,12.320833333333333,92.83333333333333,6,Sunday,2026-10-11,Moderate,-2.4607142857142854
23.3,90,0.0,20.4,20.3,487.0,16.8,Kandy,7.2906,80.6337,2026-10-11 07:00:00,22.74166666666667,12.645833333333334,92.54166666666667,7,Sunday,2026-10-11,Moderate,-0.360714285714284
25.3,84,0.0,20.4,20.3,487.0,16.8,Kandy,7.2906,80.6337,2026-10-11 08:00:00,22.75833333333333,13.283333333333333,92.375,8,Sunday,2026-10-11,Moderate,1.639285714285716
27.1,76,0.1,20.4,20.3,487.0,16.8,Kandy,7.2906,80.6337,2026-10-11 09:00:00,22.7625,13.975,92.45833333333333,9,Sunday,2026-10-11,Moderate,3.4392857142857167
28.8,67,0.1,20.4,20.3,487.0,16.8,Kandy,7.2906,80.6337,2026-10-11 10:00:00,22.804166666666664,14.658333333333333,92.33333333333333,10,Sunday,2026-10-11,Moderate,5.139285714285716
29.4,65,0.1,20.4,20.3,487.0,16.8,Kandy,7.2906,80.6337,2026-10-11 11:00:00,22.916666666666668,15.333333333333334,91.79166666666667,11,Sunday,2026-10-11,Moderate,5.739285714285714
28.1,71,8.4,20.4,20.3,487.0,16.8,Kandy,7.2906,80.6337,2026-10-11 12:00:00,23.0125,16.0,91.33333333333333,12,Sunday,2026-10-11,Moderate,4.439285714285717
25.7,85,8.4,20.4,20.3,487.0,16.8,Kandy,7.2906,80.6337,2026-10-11 13:00:00,23.070833333333336,16.650000000000002,91.125,13,Sunday,2026-10-11,Moderate,2.0392857142857146
24.0,97,8.4,20.4,20.3,487.0,16.8,Kandy,7.2906,80.6337,2026-10-11 14:00:00,23.104166666666668,17.27916666666667,91.16666666666667,14,Sunday,2026-10-11,Moderate,0.3392857142857153
23.7,98,0.7,20.4,20.3,487.0,16.8,Kandy,7.2906,80.6337,2026-10-11 15:00:00,23.145833333333332,17.904166666666665,91.16666666666667,15,Sunday,2026-10-11,Moderate,0.03928571428571459
24.2,94,0.7,20.4,20.3,487.0,16.8,Kandy,7.2906,80.6337,2026-10-11 16:00:00,23.216666666666665,18.479166666666668,90.95833333333333,16,Sunday,2026-10-11,Moderate,0.5392857142857146
24.3,92,0.7,20.4,20.3,487.0,16.8,Kandy,7.2906,80.6337,2026-10-11 17:00:00,23.295833333333334,19.0125,90.70833333333333,17,Sunday,2026-10-11,Moderate,0.639285714285716
23.9,93,0.0,20.4,20.3,487.0,16.8,Kandy,7.2906,80.6337,2026-10-11 18:00:00,23.3625,19.6,90.5,18,Sunday,2026-10-11,Moderate,0.23928571428571388
23.1,97,0.0,20.4,20.3,487.0,16.8,Kandy,7.2906,80.6337,2026-10-11 19:00:00,23.395833333333332,20.133333333333336,90.5,19,Sunday,2026-10-11,Moderate,-0.5607142857142833
22.6,99,0.0,20.4,20.3,487.0,16.8,Kandy,7.2906,80.6337,2026-10-11 20:00:00,23.412499999999998,20.4875,90.625,20,Sunday,2026-10-11,Moderate,-1.0607142857142833
22.3,100,0.0,20.4,20.3,487.0,16.8,Kandy,7.2906,80.6337,2026-10-11 21:00:00,23.420833333333334,20.55,90.83333333333333,21,Sunday,2026-10-11,Moderate,-1.360714285714284
22.2,100,0.0,20.4,20.3,487.0,16.8,Kandy,7.2906,80.6337,2026-10-11 22:00:00,23.433333333333334,20.4125,91.04166666666667,22,Sunday,2026-10-11,Moderate,-1.4607142857142854
22.0,100,0.0,20.4,20.3,487.0,16.8,Kandy,7.2906,80.6337,2026-10-11 23:00:00,23.45,20.3,91.25,23,Sunday,2026-10-11,Moderate,-1.6607142857142847
21.7,100,0.0,20.4,20.3,487.0,16.8,Kandy,7.2906,80.6337,2026-10-12 00:00:00,23.47083333333333,20.241666666666667,91.41666666666667,0,Monday,2026-10-12,Moderate,-1.9607142857142854
21.3,100,0.0,20.4,20.3,487.0,16.8,Kandy,7.2906,80.6337,2026-10-12 01:00:00,23.491666666666664,20.216666666666665,91.54166666666667,1,Monday,2026-10-12,Moderate,-2.360714285714284
20.9,100,0.0,20.4,20.3,487.0,16.8,Kandy,7.2906,80.6337,2026-10-12 02:00:00,23.512500000000003,20.2375,91.625,2,Monday,2026-10-12,Moderate,-2.760714285714286
20.2,100,0.0,20.4,20.3,487.0,16.8,Kandy,7.2906,80.6337,2026-10-12 03:00:00,23.525000000000002,20.275000000000002,91.66666666666667,3,Monday,2026-10-12,Moderate,-3.4607142857142854
19.6,100,0.0,20.4,20.3,487.0,16.8,Kandy,7.2906,80.6337,2026-10-12 04:00:00,23.52916666666667,20.3,91.70833333333333,4,Monday,2026-10-12,Moderate,-4.060714285714283
19.7,100,0.0,20.4,20.3,487.0,16.8,Kandy,7.2906,80.6337,2026-10-12 05:00:00,23.525000000000002,20.3,91.79166666666667,5,Monday,2026-10-12,Moderate,-3.9607142857142854
21.1,98,0.0,20.4,20.3,487.0,16.8,Kandy,7.2906,80.6337,2026-10-12 06:00:00,23.520833333333332,20.3,91.91666666666667,6,Monday,2026-10-12,Moderate,-2.5607142857142833
23.1,94,0.0,20.4,20.3,487.0,16.8,Kandy,7.2906,80.6337,2026-10-12 07:00:00,23.5125,20.3,92.08333333333333,7,Monday,2026-10-12,Moderate,-0.5607142857142833
25.1,87,0.0,20.4,20.3,487.0,16.8,Kandy,7.2906,80.6337,2026-10-12 08:00:00,23.504166666666666,20.3,92.20833333333333,8,Monday,2026-10-12,Moderate,1.4392857142857167
27.0,75,0.0,20.4,20.3,487.0,16.8,Kandy,7.2906,80.6337,2026-10-12 09:00:00,23.5,20.3,92.16666666666667,9,Monday,2026-10-12,Moderate,3.3392857142857153
28.8,62,0.0,20.4,20.3,487.0,16.8,Kandy,7.2906,80.6337,2026-10-12 10:00:00,23.5,20.3,91.95833333333333,10,Monday,2026-10-12,Moderate,5.139285714285716
30.2,53,0.0,20.4,20.3,487.0,16.8,Kandy,7.2906,80.6337,2026-10-12 11:00:00,23.53333333333333,20.3,91.45833333333333,11,Monday,2026-10-12,Moderate,6.539285714285715
30.8,50,0.2,20.4,20.3,487.0,16.8,Kandy,7.2906,80.6337,2026-10-12 12:00:00,23.645833333333332,20.3,90.58333333333333,12,Monday,2026-10-12,Moderate,7.139285714285716
31.0,48,0.2,20.4,20.3,487.0,16.8,Kandy,7.2906,80.6337,2026-10-12 13:00:00,23.866666666666664,20.3,89.04166666666667,13,Monday,2026-10-12,Moderate,7.339285714285715
30.6,50,0.2,20.4,20.3,487.0,16.8,Kandy,7.2906,80.6337,2026-10-12 14:00:00,24.141666666666666,20.3,87.08333333333333,14,Monday,2026-10-12,Moderate,6.939285714285717
27.8,71,0.2,20.4,20.3,487.0,16.8,Kandy,7.2906,80.6337,2026-10-12 15:00:00,24.3125,20.3,85.95833333333333,15,Monday,2026-10-12,Moderate,4.139285714285716
26.7,79,0.2,20.4,20.3,487.0,16.8,Kandy,7.2906,80.6337,2026-10-12 16:00:00,24.416666666666668,20.3,85.33333333333333,16,Monday,2026-10-12,Moderate,3.0392857142857146
25.8,84,0.2,20.4,20.3,487.0,16.8,Kandy,7.2906,80.6337,2026-10-12 17:00:00,24.479166666666668,20.3,85.0,17,Monday,2026-10-12,Moderate,2.139285714285716
25.1,88,0.1,20.4,20.3,487.0,16.8,Kandy,7.2906,80.6337,2026-10-12 18:00:00,24.52916666666667,20.3,84.79166666666667,18,Monday,2026-10-12,Moderate,1.4392857142857167
24.3,91,0.1,20.4,20.3,487.0,16.8,Kandy,7.2906,80.6337,2026-10-12 19:00:00,24.579166666666666,20.3,84.54166666666667,19,Monday,2026-10-12,Moderate,0.639285714285716
23.4,94,0.1,20.4,20.3,487.0,16.8,Kandy,7.2906,80.6337,2026-10-12 20:00:00,24.6125,20.3,84.33333333333333,20,Monday,2026-10-12,Moderate,-0.2607142857142861
22.7,95,0.1,20.4,20.3,487.0,16.8,Kandy,7.2906,80.6337,2026-10-12 21:00:00,24.629166666666666,20.3,84.125,21,Monday,2026-10-12,Moderate,-0.9607142857142854
21.9,97,0.1,20.4,20.3,487.0,16.8,Kandy,7.2906,80.6337,2026-10-12 22:00:00,24.61666666666667,20.3,84.0,22,Monday,2026-10-12,Moderate,-1.7607142857142861
21.3,98,0.1,20.4,20.3,487.0,16.8,Kandy,7.2906,80.6337,2026-10-12 23:00:00,24.587500000000002,20.3,83.91666666666667,23,Monday,2026-10-12,Moderate,-2.360714285714284
20.6,100,0.0,20.4,20.3,487.0,16.8,Kandy,7.2906,80.6337,2026-10-13 00:00:00,24.541666666666668,20.3,83.91666666666667,0,Tuesday,2026-10-13,Moderate,-3.0607142857142833
19.8,100,0.0,20.4,20.3,487.0,16.8,Kandy,7.2906,80.6337,2026-10-13 01:00:00,24.479166666666668,20.3,83.91666666666667,1,Tuesday,2026-10-13,Moderate,-3.860714285714284
19.0,100,0.0,20.4,20.3,487.0,16.8,Kandy,7.2906,80.6337,2026-10-13 02:00:00,24.399999999999995,20.3,83.91666666666667,2,Tuesday,2026-10-13,Moderate,-4.660714285714285
18.5,100,0.0,20.4,20.3,487.0,16.8,Kandy,7.2906,80.6337,2026-10-13 03:00:00,24.32916666666667,20.3,83.91666666666667,3,Tuesday,2026-10-13,Moderate,-5.160714285714285
18.3,100,0.0,20.4,20.3,487.0,16.8,Kandy,7.2906,80.6337,2026-10-13 04:00:00,24.275000000000002,20.3,83.91666666666667,4,Tuesday,2026-10-13,Moderate,-5.360714285714284
18.7,100,0.0,20.4,20.3,487.0,16.8,Kandy,7.2906,80.6337,2026-10-13 05:00:00,24.23333333333333,20.3,83.91666666666667,5,Tuesday,2026-10-13,Moderate,-4.960714285714285
19.9,93,0.1,20.4,20.3,487.0,16.8,Kandy,7.2906,80.6337,2026-10-13 06:00:00,24.183333333333337,20.3,83.70833333333333,6,Tuesday,2026-10-13,Moderate,-3.760714285714286
21.9,83,0.1,20.4,20.3,487.0,16.8,Kandy,7.2906,80.6337,2026-10-13 07:00:00,24.133333333333336,20.3,83.25,7,Tuesday,2026-10-13,Moderate,-1.7607142857142861
24.3,74,0.1,20.4,20.3,487.0,16.8,Kandy,7.2906,80.6337,2026-10-13 08:00:00,24.099999999999998,20.3,82.70833333333333,8,Tuesday,2026-10-13,Moderate,0.639285714285716
26.7,66,0.1,20.4,20.3,487.0,16.8,Kandy,7.2906,80.6337,2026-10-13 09:00:00,24.087500000000002,20.3,82.33333333333333,9,Tuesday,2026-10-13,Moderate,3.0392857142857146
28.6,60,0.1,20.4,20.3,487.0,16.8,Kandy,7.2906,80.6337,2026-10-13 10:00:00,24.07916666666667,20.3,82.25,10,Tuesday,2026-10-13,Moderate,4.939285714285717
29.6,58,0.1,20.4,20.3,487.0,16.8,Kandy,7.2906,80.6337,2026-10-13 11:00:00,24.054166666666664,20.3,82.45833333333333,11,Tuesday,2026-10-13,Moderate,5.939285714285717
29.5,60,0.8,20.4,20.3,487.0,16.8,Kandy,7.2906,80.6337,2026-10-13 12:00:00,24.0,20.3,82.875,12,Tuesday,2026-10-13,Moderate,5.839285714285715
28.8,65,0.8,20.4,20.3,487.0,16.8,Kandy,7.2906,80.6337,2026-10-13 13:00:00,23.908333333333335,20.3,83.58333333333333,13,Tuesday,2026-10-13,Moderate,5.139285714285716
27.5,72,0.8,20.4,20.3,487.0,16.8,Kandy,7.2906,80.6337,2026-10-13 14:00:00,23.77916666666667,20.3,84.5,14,Tuesday,2026-10-13,Moderate,3.8392857142857153
26.1,81,0.8,20.4,20.3,487.0,16.8,Kandy,7.2906,80.6337,2026-10-13 15:00:00,23.708333333333332,20.3,84.91666666666667,15,Tuesday,2026-10-13,Moderate,2.4392857142857167
24.8,89,0.8,20.4,20.3,487.0,16.8,Kandy,7.2906,80.6337,2026-10-13 16:00:00,23.629166666666666,20.3,85.33333333333333,16,Tuesday,2026-10-13,Moderate,1.139285714285716
23.9,96,0.8,20.4,20.3,487.0,16.8,Kandy,7.2906,80.6337,2026-10-13 17:00:00,23.549999999999997,20.3,85.83333333333333,17,Tuesday,2026-10-13,Moderate,0.23928571428571388
23.4,99,0.1,20.4,20.3,487.0,16.8,Kandy,7.2906,80.6337,2026-10-13 18:00:00,23.479166666666668,20.3,86.29166666666667,18,Tuesday,2026-10-13,Moderate,-0.2607142857142861
23.1,99,0.1,20.4,20.3,487.0,16.8,Kandy,7.2906,80.6337,2026-10-13 19:00:00,23.429166666666664,20.3,86.625,19,Tuesday,2026-10-13,Moderate,-0.5607142857142833
22.9,99,0.1,20.4,20.3,487.0,16.8,Kandy,7.2906,80.6337,2026-10-13 20:00:00,23.40833333333333,20.3,86.83333333333333,20,Tuesday,2026-10-13,Moderate,-0.7607142857142861
22.8,98,0.1,20.4,20.3,487.0,16.8,Kandy,7.2906,80.6337,2026-10-13 21:00:00,23.412499999999998,20.3,86.95833333333333,21,Tuesday,2026-10-13,Moderate,-0.860714285714284
22.6,97,0.1,20.4,20.3,487.0,16.8,Kandy,7.2906,80.6337,2026-10-13 22:00:00,23.441666666666666,20.3,86.95833333333333,22,Tuesday,2026-10-13,Moderate,-1.0607142857142833
22.3,96,0.1,20.4,20.3,487.0,16.8,Kandy,7.2906,80.6337,2026-10-13 23:00:00,23.483333333333334,20.3,86.875,23,Tuesday,2026-10-13,Moderate,-1.360714285714284
16.8,81,0.0,11.7,8.1,189.0,40.9,London,51.5074,-0.1278,2026-10-06 00:00:00,16.8,8.1,81.0,0,Tuesday,2026-10-06,Good,2.7523809523809533
16.2,83,0.0,11.0,8.2,198.0,38.4,London,51.5074,-0.1278,2026-10-06 01:00:00,16.5,8.149999999999999,82.0,1,Tuesday,2026-10-06,Good,2.152380952380952
15.4,85,0.0,10.9,8.1,194.0,36.1,London,51.5074,-0.1278,2026-10-06 02:00:00,16.133333333333333,8.133333333333333,83.0,2,Tuesday,2026-10-06,Good,1.352380952380953
15.0,88,0.0,11.3,8.9,183.0,30.3,London,51.5074,-0.1278,2026-10-06 03:00:00,15.85,8.325,84.25,3,Tuesday,2026-10-06,Good,0.9523809523809526
14.5,90,0.0,10.7,8.2,177.0,28.4,London,51.5074,-0.1278,2026-10-06 04:00:00,15.580000000000002,8.3,85.4,4,Tuesday,2026-10-06,Good,0.45238095238095255
14.1,92,0.0,10.0,9.3,178.0,28.0,London,51.5074,-0.1278,2026-10-06 05:00:00,15.333333333333334,8.466666666666667,86.5,5,Tuesday,2026-10-06,Good,0.052380952380952195
14.3,92,0.0,10.4,8.4,181.0,28.5,London,51.5074,-0.1278,2026-10-06 06:00:00,15.185714285714285,8.457142857142857,87.28571428571429,6,Tuesday,2026-10-06,Good,0.25238095238095326
13.9,94,0.0,12.2,9.2,198.0,37.7,London,51.5074,-0.1278,2026-10-06 07:00:00,15.025,8.55,88.125,7,Tuesday,2026-10-06,Good,-0.1476190476190471
13.6,94,0.0,14.3,8.7,218.0,44.7,London,51.5074,-0.1278,2026-10-06 08:00:00,14.866666666666667,8.566666666666666,88.77777777777777,8,Tuesday,2026-10-06,Good,-0.4476190476190478
13.7,92,0.0,13.9,9.4,228.0,46.6,London,51.5074,-0.1278,2026-10-06 09:00:00,14.75,8.65,89.1,9,Tuesday,2026-10-06,Good,-0.34761904761904816
14.4,90,0.0,13.4,9.2,224.0,42.4,London,51.5074,-0.1278,2026-10-06 10:00:00,14.718181818181819,8.700000000000001,89.18181818181819,10,Tuesday,2026-10-06,Good,0.3523809523809529
15.5,86,0.0,10.5,6.9,206.0,33.2,London,51.5074,-0.1278,2026-10-06 11:00:00,14.783333333333333,8.549999999999999,88.91666666666667,11,Tuesday,2026-10-06,Good,1.4523809523809526
17.1,79,0.0,9.1,7.0,203.0,28.0,London,51.5074,-0.1278,2026-10-06 12:00:00,14.961538461538462,8.430769230769231,88.15384615384616,12,Tuesday,2026-10-06,Good,3.052380952380954
18.4,73,0.0,9.2,6.5,199.0,25.9,London,51.5074,-0.1278,2026-10-06 13:00:00,15.207142857142857,8.292857142857143,87.07142857142857,13,Tuesday,2026-10-06,Good,4.352380952380951
19.6,66,0.0,9.7,5.5,191.0,24.3,London,51.5074,-0.1278,2026-10-06 14:00:00,15.5,8.106666666666666,85.66666666666667,14,Tuesday,2026-10-06,Good,5.552380952380954
20.2,63,0.0,9.8,6.0,202.0,25.1,London,51.5074,-0.1278,2026-10-06 15:00:00,15.79375,7.975,84.25,15,Tuesday,2026-10-06,Good,6.152380952380952
21.0,58,0.0,8.8,5.7,194.0,26.4,London,51.5074,-0.1278,2026-10-06 16:00:00,16.099999999999998,7.841176470588236,82.70588235294117,16,Tuesday,2026-10-06,Good,6.9523809523809526
21.3,56,0.0,9.2,6.6,202.0,33.0,London,51.5074,-0.1278,2026-10-06 17:00:00,16.38888888888889,7.772222222222222,81.22222222222223,17,Tuesday,2026-10-06,Good,7.252380952380953
21.3,55,0.0,11.8,7.6,230.0,50.8,London,51.5074,-0.1278,2026-10-06 18:00:00,16.647368421052633,7.7631578947368425,79.84210526315789,18,Tuesday,2026-10-06,Good,7.252380952380953
21.1,57,0.0,13.5,8.3,250.0,66.4,London,51.5074,-0.1278,2026-10-06 19:00:00,16.869999999999997,7.790000000000001,78.7,19,Tuesday,2026-10-06,Good,7.052380952380954
20.4,64,0.0,15.1,12.2,288.0,76.7,London,51.5074,-0.1278,2026-10-06 20:00:00,17.038095238095238,8.0,78.0,20,Tuesday,2026-10-06,Moderate,6.352380952380951
19.5,72,0.0,16.5,13.6,294.0,72.6,London,51.5074,-0.1278,2026-10-06 21:00:00,17.150000000000002,8.254545454545454,77.72727272727273,21,Tuesday,2026-10-06,Moderate,5.4523809523809526
18.7,75,0.0,17.7,12.3,269.0,73.2,London,51.5074,-0.1278,2026-10-06 22:00:00,17.217391304347824,8.430434782608696,77.6086956521739,22,Tuesday,2026-10-06,Moderate,4.652380952380952
18.4,76,0.0,18.4,12.9,268.0,71.6,London,51.5074,-0.1278,2026-10-06 23:00:00,17.266666666666666,8.616666666666667,77.54166666666667,23,Tuesday,2026-10-06,Moderate,4.352380952380951
18.0,79,0.0,20.4,14.9,267.0,67.8,London,51.5074,-0.1278,2026-10-07 00:00:00,17.316666666666666,8.9,77.45833333333333,0,Wednesday,2026-10-07,Moderate,3.9523809523809526
17.6,81,0.0,24.4,18.4,255.0,65.5,London,51.5074,-0.1278,2026-10-07 01:00:00,17.375,9.325,77.375,1,Wednesday,2026-10-07,Moderate,3.552380952380954
17.1,86,0.0,25.4,20.0,244.0,61.9,London,51.5074,-0.1278,2026-10-07 02:00:00,17.445833333333336,9.820833333333333,77.41666666666667,2,Wednesday,2026-10-07,Moderate,3.052380952380954
16.9,89,0.0,25.9,20.6,243.0,58.3,London,51.5074,-0.1278,2026-10-07 03:00:00,17.525000000000002,10.308333333333332,77.45833333333333,3,Wednesday,2026-10-07,Moderate,2.852380952380951
17.2,87,0.0,23.0,20.7,240.0,56.5,London,51.5074,-0.1278,2026-10-07 04:00:00,17.6375,10.829166666666666,77.33333333333333,4,Wednesday,2026-10-07,Moderate,3.152380952380952
17.2,88,0.0,22.4,20.4,220.0,53.5,London,51.5074,-0.1278,2026-10-07 05:00:00,17.766666666666666,11.291666666666666,77.16666666666667,5,Wednesday,2026-10-07,Moderate,3.152380952380952
17.0,89,0.0,21.6,20.3,219.0,48.9,London,51.5074,-0.1278,2026-10-07 06:00:00,17.879166666666666,11.7875,77.04166666666667,6,Wednesday,2026-10-07,Moderate,2.9523809523809526
16.8,91,0.1,22.8,20.8,221.0,41.8,London,51.5074,-0.1278,2026-10-07 07:00:00,18.0,12.270833333333334,76.91666666666667,7,Wednesday,2026-10-07,Moderate,2.7523809523809533
16.4,85,0.0,23.7,20.7,243.0,44.3,London,51.5074,-0.1278,2026-10-07 08:00:00,18.116666666666667,12.770833333333334,76.54166666666667,8,Wednesday,2026-10-07,Moderate,2.352380952380951
16.3,80,0.0,21.4,18.9,244.0,46.1,London,51.5074,-0.1278,2026-10-07 09:00:00,18.224999999999998,13.166666666666666,76.04166666666667,9,Wednesday,2026-10-07,Moderate,2.2523809523809533
16.2,80,0.0,12.3,10.7,232.0,42.1,London,51.5074,-0.1278,2026-10-07 10:00:00,18.3,13.229166666666666,75.625,10,Wednesday,2026-10-07,Good,2.152380952380952
16.3,83,0.0,9.6,6.7,194.0,28.8,London,51.5074,-0.1278,2026-10-07 11:00:00,18.333333333333332,13.220833333333331,75.5,11,Wednesday,2026-10-07,Good,2.2523809523809533
15.7,88,0.4,8.0,5.8,187.0,24.9,London,51.5074,-0.1278,2026-10-07 12:00:00,18.275000000000002,13.170833333333333,75.875,12,Wednesday,2026-10-07,Good,1.6523809523809518
15.3,91,2.8,6.1,5.2,182.0,21.6,London,51.5074,-0.1278,2026-10-07 13:00:00,18.145833333333332,13.116666666666665,76.625,13,Wednesday,2026-10-07,Good,1.2523809523809533
14.8,92,1.5,4.6,3.8,180.0,19.6,London,51.5074,-0.1278,2026-10-07 14:00:00,17.945833333333333,13.045833333333333,77.70833333333333,14,Wednesday,2026-10-07,Good,0.7523809523809533
13.5,90,1.0,3.8,3.0,172.0,17.4,London,51.5074,-0.1278,2026-10-07 15:00:00,17.666666666666668,12.920833333333333,78.83333333333333,15,Wednesday,2026-10-07,Good,-0.5476190476190474
12.6,92,2.2,3.6,3.0,172.0,15.7,London,51.5074,-0.1278,2026-10-07 16:00:00,17.316666666666666,12.808333333333332,80.25,16,Wednesday,2026-10-07,Good,-1.4476190476190478
12.2,89,1.0,5.0,3.5,179.0,15.6,London,51.5074,-0.1278,2026-10-07 17:00:00,16.9375,12.679166666666667,81.625,17,Wednesday,2026-10-07,Good,-1.8476190476190482
11.6,79,0.5,6.6,4.3,190.0,19.2,London,51.5074,-0.1278,2026-10-07 18:00:00,16.533333333333335,12.541666666666666,82.625,18,Wednesday,2026-10-07,Good,-2.447619047619048
11.6,73,0.0,6.9,4.6,192.0,24.9,London,51.5074,-0.1278,2026-10-07 19:00:00,16.1375,12.387499999999998,83.29166666666667,19,Wednesday,2026-10-07,Good,-2.447619047619048
11.8,73,0.0,7.2,5.7,192.0,23.6,London,51.5074,-0.1278,2026-10-07 20:00:00,15.779166666666667,12.116666666666667,83.66666666666667,20,Wednesday,2026-10-07,Good,-2.2476190476190467
11.6,71,0.0,8.0,5.7,180.0,17.8,London,51.5074,-0.1278,2026-10-07 21:00:00,15.450000000000001,11.7875,83.625,21,Wednesday,2026-10-07,Good,-2.447619047619048
11.1,66,0.0,8.8,5.9,181.0,23.1,London,51.5074,-0.1278,2026-10-07 22:00:00,15.133333333333333,11.520833333333334,83.25,22,Wednesday,2026-10-07,Good,-2.947619047619048
10.5,68,0.0,8.7,6.3,183.0,23.8,London,51.5074,-0.1278,2026-10-07 23:00:00,14.804166666666667,11.245833333333332,82.91666666666667,23,Wednesday,2026-10-07,Good,-3.5476190476190474
10.2,67,0.0,9.1,6.6,179.0,17.9,London,51.5074,-0.1278,2026-10-08 00:00:00,14.479166666666666,10.9,82.41666666666667,0,Thursday,2026-10-08,Good,-3.847619047619048
9.9,70,0.0,8.6,6.3,176.0,13.9,London,51.5074,-0.1278,2026-10-08 01:00:00,14.158333333333333,10.395833333333334,81.95833333333333,1,Thursday,2026-10-08,Good,-4.147619047619047
9.5,71,0.0,9.3,6.2,171.0,11.2,London,51.5074,-0.1278,2026-10-08 02:00:00,13.841666666666667,9.820833333333333,81.33333333333333,2,Thursday,2026-10-08,Good,-4.5476190476190474
9.2,74,0.0,10.1,6.1,168.0,10.2,London,51.5074,-0.1278,2026-10-08 03:00:00,13.520833333333334,9.216666666666667,80.70833333333333,3,Thursday,2026-10-08,Good,-4.847619047619048
8.9,74,0.0,10.4,5.9,165.0,10.0,London,51.5074,-0.1278,2026-10-08 04:00:00,13.174999999999999,8.6,80.16666666666667,4,Thursday,2026-10-08,Good,-5.147619047619047
8.8,70,0.0,9.8,5.8,166.0,10.1,London,51.5074,-0.1278,2026-10-08 05:00:00,12.825000000000001,7.991666666666667,79.41666666666667,5,Thursday,2026-10-08,Good,-5.247619047619047
8.5,70,0.0,10.3,5.9,166.0,11.2,London,51.5074,-0.1278,2026-10-08 06:00:00,12.470833333333333,7.391666666666667,78.625,6,Thursday,2026-10-08,Good,-5.5476190476190474
8.2,70,0.0,11.0,6.6,178.0,20.7,London,51.5074,-0.1278,2026-10-08 07:00:00,12.112499999999999,6.8,77.75,7,Thursday,2026-10-08,Good,-5.847619047619048
8.1,69,0.0,11.3,6.8,190.0,29.5,London,51.5074,-0.1278,2026-10-08 08:00:00,11.766666666666666,6.220833333333334,77.08333333333333,8,Thursday,2026-10-08,Good,-5.947619047619048
8.8,68,0.0,10.3,5.5,191.0,22.6,London,51.5074,-0.1278,2026-10-08 09:00:00,11.454166666666667,5.662499999999999,76.58333333333333,9,Thursday,2026-10-08,Good,-5.247619047619047
10.0,63,0.0,8.8,4.2,185.0,14.9,London,51.5074,-0.1278,2026-10-08 10:00:00,11.195833333333333,5.391666666666667,75.875,10,Thursday,2026-10-08,Good,-4.0476190476190474
11.4,55,0.0,7.4,3.7,180.0,10.4,London,51.5074,-0.1278,2026-10-08 11:00:00,10.991666666666667,5.266666666666667,74.70833333333333,11,Thursday,2026-10-08,Good,-2.647619047619047
12.7,45,0.0,6.7,3.5,179.0,8.4,London,51.5074,-0.1278,2026-10-08 12:00:00,10.866666666666667,5.170833333333333,72.91666666666667,12,Thursday,2026-10-08,Good,-1.3476190476190482
13.7,38,0.0,5.7,3.0,177.0,7.7,London,51.5074,-0.1278,2026-10-08 13:00:00,10.799999999999999,5.079166666666667,70.70833333333333,13,Thursday,2026-10-08,Good,-0.34761904761904816
14.4,35,0.0,4.9,2.6,175.0,7.7,London,51.5074,-0.1278,2026-10-08 14:00:00,10.783333333333333,5.029166666666667,68.33333333333333,14,Thursday,2026-10-08,Good,0.3523809523809529
14.7,34,0.0,5.0,2.9,174.0,7.6,London,51.5074,-0.1278,2026-10-08 15:00:00,10.833333333333334,5.025,66.0,15,Thursday,2026-10-08,Good,0.6523809523809518
14.9,35,0.0,5.5,3.2,173.0,9.9,London,51.5074,-0.1278,2026-10-08 16:00:00,10.929166666666667,5.033333333333333,63.625,16,Thursday,2026-10-08,Good,0.8523809523809529
14.8,37,0.0,6.7,3.5,179.0,12.5,London,51.5074,-0.1278,2026-10-08 17:00:00,11.0375,5.033333333333333,61.458333333333336,17,Thursday,2026-10-08,Good,0.7523809523809533
14.7,40,0.0,7.8,4.1,199.0,18.4,London,51.5074,-0.1278,2026-10-08 18:00:00,11.166666666666666,5.025,59.833333333333336,18,Thursday,2026-10-08,Good,0.6523809523809518
14.8,42,0.0,8.7,4.6,211.0,34.3,London,51.5074,-0.1278,2026-10-08 19:00:00,11.299999999999999,5.0249999999999995,58.541666666666664,19,Thursday,2026-10-08,Good,0.7523809523809533
14.3,46,0.0,11.8,6.1,226.0,46.2,London,51.5074,-0.1278,2026-10-08 20:00:00,11.404166666666669,5.041666666666667,57.416666666666664,20,Thursday,2026-10-08,Good,0.25238095238095326
13.9,47,0.0,12.4,7.4,228.0,55.4,London,51.5074,-0.1278,2026-10-08 21:00:00,11.5,5.1125,56.416666666666664,21,Thursday,2026-10-08,Good,-0.1476190476190471
13.4,51,0.0,12.3,6.7,229.0,55.9,London,51.5074,-0.1278,2026-10-08 22:00:00,11.595833333333331,5.145833333333333,55.791666666666664,22,Thursday,2026-10-08,Good,-0.6476190476190471
12.5,58,0.1,10.9,6.8,218.0,48.6,London,51.5074,-0.1278,2026-10-08 23:00:00,11.679166666666665,5.166666666666667,55.375,23,Thursday,2026-10-08,Good,-1.5476190476190474
11.5,68,0.1,8.6,6.0,207.0,32.8,London,51.5074,-0.1278,2026-10-09 00:00:00,11.733333333333333,5.141666666666667,55.416666666666664,0,Friday,2026-10-09,Good,-2.5476190476190474
11.0,76,0.1,7.2,4.7,193.0,18.8,London,51.5074,-0.1278,2026-10-09 01:00:00,11.779166666666667,5.075,55.666666666666664,1,Friday,2026-10-09,Good,-3.0476190476190474
11.4,82,1.0,6.0,3.9,174.0,10.4,London,51.5074,-0.1278,2026-10-09 02:00:00,11.858333333333334,4.979166666666667,56.125,2,Friday,2026-10-09,Good,-2.647619047619047
12.3,87,1.0,8.2,4.1,163.0,7.0,London,51.5074,-0.1278,2026-10-09 03:00:00,11.987500000000002,4.895833333333333,56.666666666666664,3,Friday,2026-10-09,Good,-1.7476190476190467
13.2,90,1.0,7.2,3.8,155.0,6.4,London,51.5074,-0.1278,2026-10-09 04:00:00,12.166666666666666,4.808333333333333,57.333333333333336,4,Friday,2026-10-09,Good,-0.8476190476190482
13.9,92,0.3,6.4,3.8,149.0,5.2,London,51.5074,-0.1278,2026-10-09 05:00:00,12.379166666666665,4.725,58.25,5,Friday,2026-10-09,Good,-0.1476190476190471
14.5,92,0.3,5.2,3.4,148.0,6.9,London,51.5074,-0.1278,2026-10-09 06:00:00,12.629166666666665,4.620833333333334,59.166666666666664,6,Friday,2026-10-09,Good,0.45238095238095255
15.2,92,0.3,5.5,3.5,153.0,11.2,London,51.5074,-0.1278,2026-10-09 07:00:00,12.920833333333333,4.491666666666666,60.083333333333336,7,Friday,2026-10-09,Good,1.1523809523809518
15.7,91,0.0,6.0,3.7,163.0,21.2,London,51.5074,-0.1278,2026-10-09 08:00:00,13.237500000000002,4.3625,61.0,8,Friday,2026-10-09,Good,1.6523809523809518
16.3,89,0.0,6.3,3.2,168.0,19.4,London,51.5074,-0.1278,2026-10-09 09:00:00,13.550000000000002,4.266666666666667,61.875,9,Friday,2026-10-09,Good,2.2523809523809533
16.8,87,0.0,6.0,2.9,164.0,17.5,London,51.5074,-0.1278,2026-10-09 10:00:00,13.833333333333334,4.2124999999999995,62.875,10,Friday,2026-10-09,Good,2.7523809523809533
17.3,85,0.1,6.0,3.1,158.0,14.3,London,51.5074,-0.1278,2026-10-09 11:00:00,14.079166666666666,4.1875,64.125,11,Friday,2026-10-09,Good,3.2523809523809533
17.7,84,0.1,6.8,3.3,154.0,11.6,London,51.5074,-0.1278,2026-10-09 12:00:00,14.2875,4.179166666666666,65.75,12,Friday,2026-10-09,Good,3.652380952380952
18.1,82,0.1,6.8,3.8,151.0,9.9,London,51.5074,-0.1278,2026-10-09 13:00:00,14.470833333333333,4.2124999999999995,67.58333333333333,13,Friday,2026-10-09,Good,4.052380952380954
18.4,81,0.1,6.6,3.9,150.0,9.4,London,51.5074,-0.1278,2026-10-09 14:00:00,14.637500000000001,4.266666666666667,69.5,14,Friday,2026-10-09,Good,4.352380952380951
18.7,79,0.1,6.5,4.0,149.0,10.2,London,51.5074,-0.1278,2026-10-09 15:00:00,14.804166666666665,4.3125,71.375,15,Friday,2026-10-09,Good,4.652380952380952
18.6,76,0.1,6.9,4.0,149.0,11.7,London,51.5074,-0.1278,2026-10-09 16:00:00,14.958333333333334,4.345833333333334,73.08333333333333,16,Friday,2026-10-09,Good,4.552380952380954
18.1,68,0.0,7.6,4.1,154.0,13.6,London,51.5074,-0.1278,2026-10-09 17:00:00,15.095833333333333,4.370833333333334,74.375,17,Friday,2026-10-09,Good,4.052380952380954
17.3,59,0.0,7.9,4.5,159.0,19.8,London,51.5074,-0.1278,2026-10-09 18:00:00,15.204166666666667,4.3875,75.16666666666667,18,Friday,2026-10-09,Good,3.2523809523809533
16.5,53,0.0,7.4,4.5,156.0,16.5,London,51.5074,-0.1278,2026-10-09 19:00:00,15.275,4.383333333333334,75.625,19,Friday,2026-10-09,Good,2.4523809523809526
15.6,53,0.0,6.4,4.3,153.0,16.7,London,51.5074,-0.1278,2026-10-09 20:00:00,15.329166666666666,4.308333333333333,75.91666666666667,20,Friday,2026-10-09,Good,1.5523809523809522
14.6,57,0.0,5.3,3.8,147.0,15.7,London,51.5074,-0.1278,2026-10-09 21:00:00,15.358333333333334,4.158333333333333,76.33333333333333,21,Friday,2026-10-09,Good,0.5523809523809522
13.8,61,0.0,5.1,3.7,148.0,15.5,London,51.5074,-0.1278,2026-10-09 22:00:00,15.375000000000002,4.033333333333333,76.75,22,Friday,2026-10-09,Good,-0.24761904761904674
13.2,63,0.0,7.2,5.0,147.0,15.2,London,51.5074,-0.1278,2026-10-09 23:00:00,15.404166666666669,3.9583333333333335,76.95833333333333,23,Friday,2026-10-09,Good,-0.8476190476190482
12.8,66,0.0,9.8,7.0,149.5,13.6,London,51.5074,-0.1278,2026-10-10 00:00:00,15.458333333333336,4.0,76.875,0,Saturday,2026-10-10,Good,-1.2476190476190467
12.4,68,0.0,8.8,6.4,149.8,11.9,London,51.5074,-0.1278,2026-10-10 01:00:00,15.516666666666667,4.070833333333334,76.54166666666667,1,Saturday,2026-10-10,Good,-1.647619047619047
12.0,70,0.0,8.1,6.0,147.0,10.6,London,51.5074,-0.1278,2026-10-10 02:00:00,15.541666666666666,4.158333333333333,76.04166666666667,2,Saturday,2026-10-10,Good,-2.0476190476190474
11.5,72,0.0,7.1,5.2,140.0,9.0,London,51.5074,-0.1278,2026-10-10 03:00:00,15.508333333333333,4.204166666666667,75.41666666666667,3,Saturday,2026-10-10,Good,-2.5476190476190474
11.1,73,0.0,6.3,4.6,136.0,8.0,London,51.5074,-0.1278,2026-10-10 04:00:00,15.420833333333334,4.2375,74.70833333333333,4,Saturday,2026-10-10,Good,-2.947619047619048
10.7,74,0.0,5.8,4.1,136.0,8.0,London,51.5074,-0.1278,2026-10-10 05:00:00,15.287500000000001,4.25,73.95833333333333,5,Saturday,2026-10-10,Good,-3.347619047619048
10.2,74,0.0,5.5,3.9,139.0,8.5,London,51.5074,-0.1278,2026-10-10 06:00:00,15.108333333333334,4.270833333333333,73.20833333333333,6,Saturday,2026-10-10,Good,-3.847619047619048
10.0,74,0.0,5.5,4.1,141.0,8.8,London,51.5074,-0.1278,2026-10-10 07:00:00,14.891666666666667,4.295833333333333,72.45833333333333,7,Saturday,2026-10-10,Good,-4.0476190476190474
10.0,74,0.0,5.9,4.7,143.0,8.6,London,51.5074,-0.1278,2026-10-10 08:00:00,14.654166666666667,4.3374999999999995,71.75,8,Saturday,2026-10-10,Good,-4.0476190476190474
10.2,73,0.0,6.7,5.2,145.0,8.1,London,51.5074,-0.1278,2026-10-10 09:00:00,14.399999999999999,4.420833333333333,71.08333333333333,9,Saturday,2026-10-10,Good,-3.847619047619048
10.7,71,0.0,7.5,5.5,144.0,7.3,London,51.5074,-0.1278,2026-10-10 10:00:00,14.145833333333334,4.529166666666667,70.41666666666667,10,Saturday,2026-10-10,Good,-3.347619047619048
11.8,66,0.0,8.3,5.7,137.0,5.9,London,51.5074,-0.1278,2026-10-10 11:00:00,13.916666666666666,4.6375,69.625,11,Saturday,2026-10-10,Good,-2.2476190476190467
13.2,60,0.0,8.8,5.9,126.0,4.3,London,51.5074,-0.1278,2026-10-10 12:00:00,13.729166666666666,4.745833333333333,68.625,12,Saturday,2026-10-10,Good,-0.8476190476190482
14.4,55,0.0,9.4,6.2,118.0,3.2,London,51.5074,-0.1278,2026-10-10 13:00:00,13.575000000000001,4.845833333333333,67.5,13,Saturday,2026-10-10,Good,0.3523809523809529
14.9,51,0.0,9.8,6.4,115.0,3.0,London,51.5074,-0.1278,2026-10-10 14:00:00,13.429166666666667,4.95,66.25,14,Saturday,2026-10-10,Good,0.8523809523809529
15.2,48,0.0,10.4,6.9,114.0,3.4,London,51.5074,-0.1278,2026-10-10 15:00:00,13.283333333333333,5.070833333333333,64.95833333333333,15,Saturday,2026-10-10,Good,1.1523809523809518
15.2,47,0.0,10.7,7.1,115.0,4.5,London,51.5074,-0.1278,2026-10-10 16:00:00,13.141666666666666,5.2,63.75,16,Saturday,2026-10-10,Good,1.1523809523809518
15.1,48,0.0,11.5,7.6,119.0,6.8,London,51.5074,-0.1278,2026-10-10 17:00:00,13.016666666666666,5.345833333333334,62.916666666666664,17,Saturday,2026-10-10,Good,1.0523809523809522
14.7,50,0.0,12.0,8.2,125.0,9.9,London,51.5074,-0.1278,2026-10-10 18:00:00,12.908333333333331,5.5,62.541666666666664,18,Saturday,2026-10-10,Good,0.6523809523809518
14.2,52,0.0,12.4,8.7,131.0,12.2,London,51.5074,-0.1278,2026-10-10 19:00:00,12.812499999999998,5.675,62.5,19,Saturday,2026-10-10,Good,0.15238095238095184
13.7,55,0.0,12.7,9.1,135.0,13.1,London,51.5074,-0.1278,2026-10-10 20:00:00,12.733333333333334,5.875,62.583333333333336,20,Saturday,2026-10-10,Good,-0.34761904761904816
13.0,58,0.0,13.0,9.3,139.0,13.4,London,51.5074,-0.1278,2026-10-10 21:00:00,12.666666666666666,6.104166666666667,62.625,21,Saturday,2026-10-10,Good,-1.0476190476190474
12.4,61,0.0,13.3,9.5,141.0,13.3,London,51.5074,-0.1278,2026-10-10 22:00:00,12.608333333333333,6.345833333333332,62.625,22,Saturday,2026-10-10,Good,-1.647619047619047
11.9,64,0.0,13.6,9.6,141.0,13.0,London,51.5074,-0.1278,2026-10-10 23:00:00,12.554166666666665,6.537499999999999,62.666666666666664,23,Saturday,2026-10-10,Good,-2.147619047619047
11.4,68,0.0,13.6,9.6,141.0,13.0,London,51.5074,-0.1278,2026-10-11 00:00:00,12.495833333333332,6.645833333333333,62.75,0,Sunday,2026-10-11,Good,-2.647619047619047
11.0,71,0.0,13.6,9.6,141.0,13.0,London,51.5074,-0.1278,2026-10-11 01:00:00,12.4375,6.779166666666668,62.875,1,Sunday,2026-10-11,Good,-3.0476190476190474
10.6,73,0.0,13.6,9.6,141.0,13.0,London,51.5074,-0.1278,2026-10-11 02:00:00,12.379166666666665,6.929166666666667,63.0,2,Sunday,2026-10-11,Good,-3.447619047619048
10.3,75,0.0,13.6,9.6,141.0,13.0,London,51.5074,-0.1278,2026-10-11 03:00:00,12.329166666666666,7.1125,63.125,3,Sunday,2026-10-11,Good,-3.7476190476190467
9.9,76,0.0,13.6,9.6,141.0,13.0,London,51.5074,-0.1278,2026-10-11 04:00:00,12.279166666666667,7.320833333333333,63.25,4,Sunday,2026-10-11,Good,-4.147619047619047
9.6,78,0.0,13.6,9.6,141.0,13.0,London,51.5074,-0.1278,2026-10-11 05:00:00,12.233333333333333,7.55,63.416666666666664,5,Sunday,2026-10-11,Good,-4.447619047619048
9.2,80,0.0,13.6,9.6,141.0,13.0,London,51.5074,-0.1278,2026-10-11 06:00:00,12.191666666666665,7.7875000000000005,63.666666666666664,6,Sunday,2026-10-11,Good,-4.847619047619048
9.1,81,0.0,13.6,9.6,141.0,13.0,London,51.5074,-0.1278,2026-10-11 07:00:00,12.154166666666667,8.016666666666667,63.958333333333336,7,Sunday,2026-10-11,Good,-4.947619047619048
9.1,81,0.0,13.6,9.6,141.0,13.0,London,51.5074,-0.1278,2026-10-11 08:00:00,12.116666666666667,8.220833333333333,64.25,8,Sunday,2026-10-11,Good,-4.947619047619048
9.4,80,0.0,13.6,9.6,141.0,13.0,London,51.5074,-0.1278,2026-10-11 09:00:00,12.083333333333334,8.404166666666667,64.54166666666667,9,Sunday,2026-10-11,Good,-4.647619047619047
9.8,78,0.0,13.6,9.6,141.0,13.0,London,51.5074,-0.1278,2026-10-11 10:00:00,12.045833333333334,8.575,64.83333333333333,10,Sunday,2026-10-11,Good,-4.247619047619047
10.3,75,0.0,13.6,9.6,141.0,13.0,London,51.5074,-0.1278,2026-10-11 11:00:00,11.983333333333334,8.7375,65.20833333333333,11,Sunday,2026-10-11,Good,-3.7476190476190467
11.0,72,0.0,13.6,9.6,141.0,13.0,London,51.5074,-0.1278,2026-10-11 12:00:00,11.891666666666667,8.891666666666667,65.70833333333333,12,Sunday,2026-10-11,Good,-3.0476190476190474
11.7,68,0.0,13.6,9.6,141.0,13.0,London,51.5074,-0.1278,2026-10-11 13:00:00,11.779166666666667,9.033333333333333,66.25,13,Sunday,2026-10-11,Good,-2.347619047619048
12.5,64,0.0,13.6,9.6,141.0,13.0,London,51.5074,-0.1278,2026-10-11 14:00:00,11.679166666666667,9.166666666666666,66.79166666666667,14,Sunday,2026-10-11,Good,-1.5476190476190474
13.2,59,0.0,13.6,9.6,141.0,13.0,London,51.5074,-0.1278,2026-10-11 15:00:00,11.595833333333333,9.279166666666667,67.25,15,Sunday,2026-10-11,Good,-0.8476190476190482
13.7,56,0.0,13.6,9.6,141.0,13.0,London,51.5074,-0.1278,2026-10-11 16:00:00,11.533333333333333,9.383333333333333,67.625,16,Sunday,2026-10-11,Good,-0.34761904761904816
14.0,55,0.0,13.6,9.6,141.0,13.0,London,51.5074,-0.1278,2026-10-11 17:00:00,11.487499999999999,9.466666666666667,67.91666666666667,17,Sunday,2026-10-11,Good,-0.04761904761904745
14.0,55,0.0,13.6,9.6,141.0,13.0,London,51.5074,-0.1278,2026-10-11 18:00:00,11.458333333333334,9.525,68.125,18,Sunday,2026-10-11,Good,-0.04761904761904745
14.0,55,0.0,13.6,9.6,141.0,13.0,London,51.5074,-0.1278,2026-10-11 19:00:00,11.450000000000001,9.5625,68.25,19,Sunday,2026-10-11,Good,-0.04761904761904745
14.1,54,0.0,13.6,9.6,141.0,13.0,London,51.5074,-0.1278,2026-10-11 20:00:00,11.466666666666667,9.583333333333332,68.20833333333333,20,Sunday,2026-10-11,Good,0.052380952380952195
14.2,54,0.0,13.6,9.6,141.0,13.0,London,51.5074,-0.1278,2026-10-11 21:00:00,11.516666666666666,9.595833333333333,68.04166666666667,21,Sunday,2026-10-11,Good,0.15238095238095184
14.2,54,0.0,13.6,9.6,141.0,13.0,London,51.5074,-0.1278,2026-10-11 22:00:00,11.591666666666667,9.6,67.75,22,Sunday,2026-10-11,Good,0.15238095238095184
13.8,59,0.0,13.6,9.6,141.0,13.0,London,51.5074,-0.1278,2026-10-11 23:00:00,11.670833333333334,9.6,67.54166666666667,23,Sunday,2026-10-11,Good,-0.24761904761904674
13.6,60,0.0,13.6,9.6,141.0,13.0,London,51.5074,-0.1278,2026-10-12 00:00:00,11.762500000000001,9.6,67.20833333333333,0,Monday,2026-10-12,Good,-0.4476190476190478
13.5,62,0.0,13.6,9.6,141.0,13.0,London,51.5074,-0.1278,2026-10-12 01:00:00,11.866666666666667,9.6,66.83333333333333,1,Monday,2026-10-12,Good,-0.5476190476190474
13.3,64,0.0,13.6,9.6,141.0,13.0,London,51.5074,-0.1278,2026-10-12 02:00:00,11.979166666666666,9.6,66.45833333333333,2,Monday,2026-10-12,Good,-0.7476190476190467
13.2,66,0.0,13.6,9.6,141.0,13.0,London,51.5074,-0.1278,2026-10-12 03:00:00,12.100000000000001,9.6,66.08333333333333,3,Monday,2026-10-12,Good,-0.8476190476190482
13.0,69,0.0,13.6,9.6,141.0,13.0,London,51.5074,-0.1278,2026-10-12 04:00:00,12.229166666666666,9.6,65.79166666666667,4,Monday,2026-10-12,Good,-1.0476190476190474
12.8,71,0.0,13.6,9.6,141.0,13.0,London,51.5074,-0.1278,2026-10-12 05:00:00,12.362499999999999,9.6,65.5,5,Monday,2026-10-12,Good,-1.2476190476190467
12.8,72,0.0,13.6,9.6,141.0,13.0,London,51.5074,-0.1278,2026-10-12 06:00:00,12.512500000000001,9.6,65.16666666666667,6,Monday,2026-10-12,Good,-1.2476190476190467
13.0,73,0.0,13.6,9.6,141.0,13.0,London,51.5074,-0.1278,2026-10-12 07:00:00,12.674999999999999,9.6,64.83333333333333,7,Monday,2026-10-12,Good,-1.0476190476190474
13.4,72,0.0,13.6,9.6,141.0,13.0,London,51.5074,-0.1278,2026-10-12 08:00:00,12.854166666666666,9.6,64.45833333333333,8,Monday,2026-10-12,Good,-0.6476190476190471
14.0,70,0.0,13.6,9.6,141.0,13.0,London,51.5074,-0.1278,2026-10-12 09:00:00,13.045833333333334,9.6,64.04166666666667,9,Monday,2026-10-12,Good,-0.04761904761904745
14.7,68,0.0,13.6,9.6,141.0,13.0,London,51.5074,-0.1278,2026-10-12 10:00:00,13.25,9.6,63.625,10,Monday,2026-10-12,Good,0.6523809523809518
15.4,66,0.0,13.6,9.6,141.0,13.0,London,51.5074,-0.1278,2026-10-12 11:00:00,13.462499999999999,9.6,63.25,11,Monday,2026-10-12,Good,1.352380952380953
16.1,64,0.0,13.6,9.6,141.0,13.0,London,51.5074,-0.1278,2026-10-12 12:00:00,13.674999999999999,9.6,62.916666666666664,12,Monday,2026-10-12,Good,2.052380952380954
16.5,63,0.0,13.6,9.6,141.0,13.0,London,51.5074,-0.1278,2026-10-12 13:00:00,13.875,9.6,62.708333333333336,13,Monday,2026-10-12,Good,2.4523809523809526
16.6,64,0.0,13.6,9.6,141.0,13.0,London,51.5074,-0.1278,2026-10-12 14:00:00,14.045833333333334,9.6,62.708333333333336,14,Monday,2026-10-12,Good,2.552380952380954
16.6,65,0.0,13.6,9.6,141.0,13.0,London,51.5074,-0.1278,2026-10-12 15:00:00,14.1875,9.6,62.958333333333336,15,Monday,2026-10-12,Good,2.552380952380954
16.5,67,0.0,13.6,9.6,141.0,13.0,London,51.5074,-0.1278,2026-10-12 16:00:00,14.304166666666667,9.6,63.416666666666664,16,Monday,2026-10-12,Good,2.4523809523809526
16.4,69,0.0,13.6,9.6,141.0,13.0,London,51.5074,-0.1278,2026-10-12 17:00:00,14.404166666666669,9.6,64.0,17,Monday,2026-10-12,Good,2.352380952380951
16.2,71,0.0,13.6,9.6,141.0,13.0,London,51.5074,-0.1278,2026-10-12 18:00:00,14.495833333333335,9.6,64.66666666666667,18,Monday,2026-10-12,Good,2.152380952380952
16.2,74,0.0,13.6,9.6,141.0,13.0,London,51.5074,-0.1278,2026-10-12 19:00:00,14.5875,9.6,65.45833333333333,19,Monday,2026-10-12,Good,2.152380952380952
16.2,77,0.0,13.6,9.6,141.0,13.0,London,51.5074,-0.1278,2026-10-12 20:00:00,14.674999999999999,9.6,66.41666666666667,20,Monday,2026-10-12,Good,2.152380952380952
16.2,81,0.0,13.6,9.6,141.0,13.0,London,51.5074,-0.1278,2026-10-12 21:00:00,14.758333333333333,9.6,67.54166666666667,21,Monday,2026-10-12,Good,2.152380952380952
16.3,85,0.0,13.6,9.6,141.0,13.0,London,51.5074,-0.1278,2026-10-12 22:00:00,14.845833333333333,9.6,68.83333333333333,22,Monday,2026-10-12,Good,2.2523809523809533
16.4,88,0.0,13.6,9.6,141.0,13.0,London,51.5074,-0.1278,2026-10-12 23:00:00,14.954166666666666,9.6,70.04166666666667,23,Monday,2026-10-12,Good,2.352380952380951
11.7,45,0.0,6.7,6.3,170.0,19.5,New_York,40.7128,-74.006,2026-10-06 00:00:00,11.7,6.3,45.0,0,Tuesday,2026-10-06,Good,-4.496428571428574
11.1,47,0.0,6.3,5.9,170.0,16.1,New_York,40.7128,-74.006,2026-10-06 01:00:00,11.399999999999999,6.1,46.0,1,Tuesday,2026-10-06,Good,-5.096428571428573
10.9,49,0.0,5.3,5.0,167.0,13.2,New_York,40.7128,-74.006,2026-10-06 02:00:00,11.233333333333334,5.733333333333333,47.0,2,Tuesday,2026-10-06,Good,-5.296428571428573
10.3,54,0.0,4.5,4.3,152.0,11.1,New_York,40.7128,-74.006,2026-10-06 03:00:00,11.0,5.375,48.75,3,Tuesday,2026-10-06,Good,-5.896428571428572
9.7,58,0.0,4.2,4.0,133.0,9.5,New_York,40.7128,-74.006,2026-10-06 04:00:00,10.74,5.1,50.6,4,Tuesday,2026-10-06,Good,-6.496428571428574
8.9,62,0.0,4.7,4.4,125.0,9.6,New_York,40.7128,-74.006,2026-10-06 05:00:00,10.433333333333334,4.983333333333333,52.5,5,Tuesday,2026-10-06,Good,-7.296428571428573
8.3,63,0.0,5.6,5.2,139.0,13.0,New_York,40.7128,-74.006,2026-10-06 06:00:00,10.12857142857143,5.014285714285714,54.0,6,Tuesday,2026-10-06,Good,-7.896428571428572
7.7,67,0.0,7.2,6.7,165.0,18.1,New_York,40.7128,-74.006,2026-10-06 07:00:00,9.825,5.225,55.625,7,Tuesday,2026-10-06,Good,-8.496428571428574
9.0,65,0.0,9.3,8.7,180.0,20.3,New_York,40.7128,-74.006,2026-10-06 08:00:00,9.733333333333333,5.611111111111111,56.666666666666664,8,Tuesday,2026-10-06,Good,-7.196428571428573
10.4,58,0.0,9.2,8.5,174.0,16.9,New_York,40.7128,-74.006,2026-10-06 09:00:00,9.8,5.9,56.8,9,Tuesday,2026-10-06,Good,-5.796428571428573
12.1,47,0.0,7.3,6.6,158.0,10.8,New_York,40.7128,-74.006,2026-10-06 10:00:00,10.009090909090908,5.963636363636363,55.90909090909091,10,Tuesday,2026-10-06,Good,-4.096428571428573
13.5,40,0.0,6.5,5.9,145.0,6.0,New_York,40.7128,-74.006,2026-10-06 11:00:00,10.299999999999999,5.958333333333333,54.583333333333336,11,Tuesday,2026-10-06,Good,-2.696428571428573
15.2,35,0.0,6.0,5.5,140.0,4.3,New_York,40.7128,-74.006,2026-10-06 12:00:00,10.676923076923078,5.923076923076923,53.07692307692308,12,Tuesday,2026-10-06,Good,-0.9964285714285737
16.2,35,0.0,5.6,5.1,137.0,4.1,New_York,40.7128,-74.006,2026-10-06 13:00:00,11.071428571428571,5.864285714285714,51.785714285714285,13,Tuesday,2026-10-06,Good,0.0035714285714263383
16.3,33,0.0,5.3,4.9,137.0,4.3,New_York,40.7128,-74.006,2026-10-06 14:00:00,11.42,5.8,50.53333333333333,14,Tuesday,2026-10-06,Good,0.10357142857142776
16.9,32,0.0,5.0,4.7,131.0,2.8,New_York,40.7128,-74.006,2026-10-06 15:00:00,11.7625,5.73125,49.375,15,Tuesday,2026-10-06,Good,0.7035714285714256
17.2,30,0.0,4.8,4.5,127.0,1.8,New_York,40.7128,-74.006,2026-10-06 16:00:00,12.08235294117647,5.658823529411765,48.23529411764706,16,Tuesday,2026-10-06,Good,1.0035714285714263
17.0,29,0.0,4.8,4.5,150.0,6.7,New_York,40.7128,-74.006,2026-10-06 17:00:00,12.355555555555556,5.594444444444445,47.166666666666664,17,Tuesday,2026-10-06,Good,0.803571428571427
15.9,29,0.0,7.2,6.9,231.0,23.2,New_York,40.7128,-74.006,2026-10-06 18:00:00,12.542105263157895,5.663157894736842,46.21052631578947,18,Tuesday,2026-10-06,Good,-0.2964285714285726
13.6,33,0.0,14.0,13.6,340.0,45.7,New_York,40.7128,-74.006,2026-10-06 19:00:00,12.595,6.0600000000000005,45.55,19,Tuesday,2026-10-06,Moderate,-2.5964285714285733
12.4,36,0.0,17.2,16.8,411.0,62.2,New_York,40.7128,-74.006,2026-10-06 20:00:00,12.585714285714285,6.571428571428571,45.095238095238095,20,Tuesday,2026-10-06,Moderate,-3.7964285714285726
11.2,41,0.0,18.1,17.7,409.0,67.2,New_York,40.7128,-74.006,2026-10-06 21:00:00,12.522727272727273,7.077272727272727,44.90909090909091,21,Tuesday,2026-10-06,Moderate,-4.996428571428574
10.3,45,0.0,18.3,17.9,370.0,66.2,New_York,40.7128,-74.006,2026-10-06 22:00:00,12.42608695652174,7.547826086956522,44.91304347826087,22,Tuesday,2026-10-06,Moderate,-5.896428571428572
9.6,48,0.0,18.9,18.5,337.0,64.4,New_York,40.7128,-74.006,2026-10-06 23:00:00,12.308333333333332,8.004166666666666,45.041666666666664,23,Tuesday,2026-10-06,Moderate,-6.596428571428573
9.1,50,0.0,21.2,20.7,326.0,63.2,New_York,40.7128,-74.006,2026-10-07 00:00:00,12.200000000000001,8.604166666666666,45.25,0,Wednesday,2026-10-07,Moderate,-7.096428571428573
8.5,52,0.0,25.1,24.6,322.0,61.3,New_York,40.7128,-74.006,2026-10-07 01:00:00,12.091666666666667,9.383333333333335,45.458333333333336,1,Wednesday,2026-10-07,Moderate,-7.696428571428573
8.1,54,0.0,29.8,29.3,324.0,59.3,New_York,40.7128,-74.006,2026-10-07 02:00:00,11.975000000000001,10.395833333333334,45.666666666666664,2,Wednesday,2026-10-07,Moderate,-8.096428571428573
7.8,54,0.0,33.6,33.1,330.0,57.4,New_York,40.7128,-74.006,2026-10-07 03:00:00,11.870833333333332,11.595833333333333,45.666666666666664,3,Wednesday,2026-10-07,Moderate,-8.396428571428572
7.5,55,0.0,36.0,35.4,342.0,55.5,New_York,40.7128,-74.006,2026-10-07 04:00:00,11.779166666666667,12.904166666666667,45.541666666666664,4,Wednesday,2026-10-07,Moderate,-8.696428571428573
7.2,58,0.0,37.0,36.4,365.0,54.1,New_York,40.7128,-74.006,2026-10-07 05:00:00,11.708333333333334,14.237500000000002,45.375,5,Wednesday,2026-10-07,Unhealthy for Sensitive Groups,-8.996428571428574
6.8,59,0.0,37.0,36.3,422.0,54.7,New_York,40.7128,-74.006,2026-10-07 06:00:00,11.645833333333334,15.533333333333331,45.208333333333336,6,Wednesday,2026-10-07,Unhealthy for Sensitive Groups,-9.396428571428572
6.5,61,0.0,38.1,37.4,491.0,55.9,New_York,40.7128,-74.006,2026-10-07 07:00:00,11.595833333333331,16.8125,44.958333333333336,7,Wednesday,2026-10-07,Unhealthy for Sensitive Groups,-9.696428571428573
7.5,57,0.0,42.4,41.7,510.0,54.0,New_York,40.7128,-74.006,2026-10-07 08:00:00,11.533333333333331,18.1875,44.625,8,Wednesday,2026-10-07,Unhealthy for Sensitive Groups,-8.696428571428573
10.3,67,0.0,38.9,38.2,433.0,46.4,New_York,40.7128,-74.006,2026-10-07 09:00:00,11.529166666666667,19.425,45.0,9,Wednesday,2026-10-07,Unhealthy for Sensitive Groups,-5.896428571428572
12.9,59,0.0,28.3,27.5,306.0,35.7,New_York,40.7128,-74.006,2026-10-07 10:00:00,11.5625,20.29583333333333,45.5,10,Wednesday,2026-10-07,Moderate,-3.2964285714285726
14.9,53,0.0,16.8,16.5,208.0,26.4,New_York,40.7128,-74.006,2026-10-07 11:00:00,11.620833333333332,20.7375,46.041666666666664,11,Wednesday,2026-10-07,Moderate,-1.2964285714285726
16.7,47,0.0,11.6,11.6,173.0,19.7,New_York,40.7128,-74.006,2026-10-07 12:00:00,11.683333333333332,20.991666666666667,46.541666666666664,12,Wednesday,2026-10-07,Good,0.5035714285714263
17.7,44,0.0,10.7,10.6,167.0,14.3,New_York,40.7128,-74.006,2026-10-07 13:00:00,11.745833333333332,21.22083333333333,46.916666666666664,13,Wednesday,2026-10-07,Good,1.5035714285714263
18.4,43,0.0,10.4,10.4,166.0,10.7,New_York,40.7128,-74.006,2026-10-07 14:00:00,11.833333333333334,21.45,47.333333333333336,14,Wednesday,2026-10-07,Good,2.2035714285714256
18.8,43,0.0,10.3,10.2,162.0,8.7,New_York,40.7128,-74.006,2026-10-07 15:00:00,11.912500000000001,21.679166666666664,47.791666666666664,15,Wednesday,2026-10-07,Good,2.6035714285714278
19.0,45,0.0,10.1,10.0,162.0,8.6,New_York,40.7128,-74.006,2026-10-07 16:00:00,11.987500000000002,21.90833333333333,48.416666666666664,16,Wednesday,2026-10-07,Good,2.803571428571427
18.8,46,0.0,10.0,9.9,172.0,11.3,New_York,40.7128,-74.006,2026-10-07 17:00:00,12.0625,22.133333333333336,49.125,17,Wednesday,2026-10-07,Good,2.6035714285714278
17.7,51,0.0,11.4,11.2,200.0,19.3,New_York,40.7128,-74.006,2026-10-07 18:00:00,12.137500000000001,22.3125,50.041666666666664,18,Wednesday,2026-10-07,Good,1.5035714285714263
15.7,56,0.0,12.9,12.7,236.0,30.2,New_York,40.7128,-74.006,2026-10-07 19:00:00,12.225000000000001,22.275000000000002,51.0,19,Wednesday,2026-10-07,Moderate,-0.49642857142857366
15.0,60,0.0,12.9,12.7,256.0,37.7,New_York,40.7128,-74.006,2026-10-07 20:00:00,12.333333333333334,22.10416666666666,52.0,20,Wednesday,2026-10-07,Moderate,-1.196428571428573
14.6,71,0.0,12.0,11.8,244.0,38.7,New_York,40.7128,-74.006,2026-10-07 21:00:00,12.475,21.858333333333334,53.25,21,Wednesday,2026-10-07,Good,-1.5964285714285733
14.4,73,0.0,12.0,11.4,216.0,36.2,New_York,40.7128,-74.006,2026-10-07 22:00:00,12.645833333333334,21.587500000000002,54.416666666666664,22,Wednesday,2026-10-07,Good,-1.7964285714285726
14.2,76,0.0,12.5,11.6,192.0,33.1,New_York,40.7128,-74.006,2026-10-07 23:00:00,12.8375,21.3,55.583333333333336,23,Wednesday,2026-10-07,Good,-1.9964285714285737
14.1,77,0.0,12.7,11.6,181.0,29.7,New_York,40.7128,-74.006,2026-10-08 00:00:00,13.045833333333334,20.92083333333333,56.708333333333336,0,Thursday,2026-10-08,Good,-2.0964285714285733
13.8,75,0.0,12.1,11.1,175.0,25.7,New_York,40.7128,-74.006,2026-10-08 01:00:00,13.266666666666666,20.358333333333334,57.666666666666664,1,Thursday,2026-10-08,Good,-2.3964285714285722
13.4,79,0.0,11.3,10.6,171.0,22.8,New_York,40.7128,-74.006,2026-10-08 02:00:00,13.487499999999999,19.579166666666666,58.708333333333336,2,Thursday,2026-10-08,Good,-2.7964285714285726
13.3,82,0.0,10.5,10.2,165.0,21.5,New_York,40.7128,-74.006,2026-10-08 03:00:00,13.716666666666669,18.625,59.875,3,Thursday,2026-10-08,Good,-2.8964285714285722
13.0,82,0.0,10.6,10.5,161.0,21.4,New_York,40.7128,-74.006,2026-10-08 04:00:00,13.945833333333335,17.587500000000002,61.0,4,Thursday,2026-10-08,Good,-3.196428571428573
12.6,85,0.0,11.1,11.1,166.0,22.8,New_York,40.7128,-74.006,2026-10-08 05:00:00,14.170833333333333,16.533333333333335,62.125,5,Thursday,2026-10-08,Good,-3.5964285714285733
12.9,85,0.0,12.0,11.9,188.0,27.4,New_York,40.7128,-74.006,2026-10-08 06:00:00,14.425000000000002,15.516666666666667,63.208333333333336,6,Thursday,2026-10-08,Good,-3.2964285714285726
13.2,83,0.0,13.8,13.7,219.0,33.4,New_York,40.7128,-74.006,2026-10-08 07:00:00,14.704166666666667,14.529166666666667,64.125,7,Thursday,2026-10-08,Moderate,-2.9964285714285737
14.1,78,0.0,16.4,16.4,243.0,36.4,New_York,40.7128,-74.006,2026-10-08 08:00:00,14.979166666666666,13.475,65.0,8,Thursday,2026-10-08,Moderate,-2.0964285714285733
15.7,67,0.0,17.6,17.5,258.0,33.7,New_York,40.7128,-74.006,2026-10-08 09:00:00,15.204166666666667,12.612499999999999,65.0,9,Thursday,2026-10-08,Moderate,-0.49642857142857366
17.7,57,0.0,16.9,16.8,266.0,28.0,New_York,40.7128,-74.006,2026-10-08 10:00:00,15.404166666666667,12.166666666666666,64.91666666666667,10,Thursday,2026-10-08,Moderate,1.5035714285714263
19.8,52,0.0,16.3,16.2,263.0,22.0,New_York,40.7128,-74.006,2026-10-08 11:00:00,15.608333333333334,12.154166666666667,64.875,11,Thursday,2026-10-08,Moderate,3.6035714285714278
21.5,50,0.0,15.2,15.1,239.0,16.1,New_York,40.7128,-74.006,2026-10-08 12:00:00,15.808333333333335,12.299999999999999,65.0,12,Thursday,2026-10-08,Moderate,5.303571428571427
23.1,42,0.0,12.8,12.7,204.0,10.0,New_York,40.7128,-74.006,2026-10-08 13:00:00,16.033333333333335,12.387500000000001,64.91666666666667,13,Thursday,2026-10-08,Moderate,6.9035714285714285
23.9,36,0.0,9.3,9.2,178.0,5.7,New_York,40.7128,-74.006,2026-10-08 14:00:00,16.2625,12.337499999999999,64.625,14,Thursday,2026-10-08,Good,7.703571428571426
24.3,32,0.0,6.2,6.1,171.0,3.1,New_York,40.7128,-74.006,2026-10-08 15:00:00,16.491666666666664,12.166666666666666,64.16666666666667,15,Thursday,2026-10-08,Good,8.103571428571428
24.3,32,0.0,4.2,4.1,174.0,2.4,New_York,40.7128,-74.006,2026-10-08 16:00:00,16.7125,11.920833333333333,63.625,16,Thursday,2026-10-08,Good,8.103571428571428
23.8,34,0.0,3.7,3.4,182.0,6.0,New_York,40.7128,-74.006,2026-10-08 17:00:00,16.920833333333334,11.65,63.125,17,Thursday,2026-10-08,Good,7.603571428571428
22.8,37,0.0,5.5,5.1,197.0,17.4,New_York,40.7128,-74.006,2026-10-08 18:00:00,17.133333333333333,11.39583333333333,62.541666666666664,18,Thursday,2026-10-08,Good,6.603571428571428
21.6,41,0.0,8.8,8.4,217.0,33.2,New_York,40.7128,-74.006,2026-10-08 19:00:00,17.379166666666666,11.216666666666667,61.916666666666664,19,Thursday,2026-10-08,Good,5.4035714285714285
20.6,47,0.0,11.1,10.7,237.0,45.1,New_York,40.7128,-74.006,2026-10-08 20:00:00,17.6125,11.133333333333333,61.375,20,Thursday,2026-10-08,Good,4.4035714285714285
20.1,50,0.0,11.8,11.4,258.0,50.3,New_York,40.7128,-74.006,2026-10-08 21:00:00,17.84166666666667,11.116666666666667,60.5,21,Thursday,2026-10-08,Good,3.9035714285714285
19.3,51,0.0,11.9,11.5,279.0,51.7,New_York,40.7128,-74.006,2026-10-08 22:00:00,18.045833333333334,11.120833333333332,59.583333333333336,22,Thursday,2026-10-08,Good,3.1035714285714278
18.4,50,0.0,11.6,11.3,291.0,50.1,New_York,40.7128,-74.006,2026-10-08 23:00:00,18.220833333333335,11.108333333333334,58.5,23,Thursday,2026-10-08,Good,2.2035714285714256
17.7,48,0.0,10.9,10.6,292.0,44.0,New_York,40.7128,-74.006,2026-10-09 00:00:00,18.370833333333334,11.066666666666665,57.291666666666664,0,Friday,2026-10-09,Good,1.5035714285714263
17.0,45,0.0,9.7,9.5,285.0,35.0,New_York,40.7128,-74.006,2026-10-09 01:00:00,18.504166666666666,11.0,56.041666666666664,1,Friday,2026-10-09,Good,0.803571428571427
16.5,45,0.0,8.7,8.6,269.0,27.9,New_York,40.7128,-74.006,2026-10-09 02:00:00,18.633333333333333,10.916666666666666,54.625,2,Friday,2026-10-09,Good,0.30357142857142705
15.9,46,0.0,8.0,7.9,234.0,24.7,New_York,40.7128,-74.006,2026-10-09 03:00:00,18.741666666666664,10.820833333333333,53.125,3,Friday,2026-10-09,Good,-0.2964285714285726
15.4,48,0.0,7.4,7.3,191.0,23.6,New_York,40.7128,-74.006,2026-10-09 04:00:00,18.841666666666665,10.6875,51.708333333333336,4,Friday,2026-10-09,Good,-0.7964285714285726
14.9,50,0.0,6.8,6.8,169.0,24.0,New_York,40.7128,-74.006,2026-10-09 05:00:00,18.9375,10.508333333333333,50.25,5,Friday,2026-10-09,Good,-1.2964285714285726
14.5,51,0.0,6.8,6.7,191.0,27.6,New_York,40.7128,-74.006,2026-10-09 06:00:00,19.004166666666666,10.291666666666666,48.833333333333336,6,Friday,2026-10-09,Good,-1.696428571428573
14.2,51,0.0,8.0,7.9,234.0,32.9,New_York,40.7128,-74.006,2026-10-09 07:00:00,19.04583333333333,10.049999999999999,47.5,7,Friday,2026-10-09,Good,-1.9964285714285737
14.5,50,0.0,10.4,10.3,260.0,34.4,New_York,40.7128,-74.006,2026-10-09 08:00:00,19.0625,9.795833333333334,46.333333333333336,8,Friday,2026-10-09,Good,-1.696428571428573
15.6,47,0.0,10.9,10.7,250.0,28.7,New_York,40.7128,-74.006,2026-10-09 09:00:00,19.058333333333334,9.512500000000001,45.5,9,Friday,2026-10-09,Good,-0.5964285714285733
17.1,43,0.0,8.4,8.3,222.0,19.3,New_York,40.7128,-74.006,2026-10-09 10:00:00,19.033333333333335,9.158333333333333,44.916666666666664,10,Friday,2026-10-09,Good,0.9035714285714285
18.4,40,0.0,5.8,5.8,195.0,11.6,New_York,40.7128,-74.006,2026-10-09 11:00:00,18.974999999999998,8.725,44.416666666666664,11,Friday,2026-10-09,Good,2.2035714285714256
19.6,37,0.0,4.4,4.3,173.0,7.6,New_York,40.7128,-74.006,2026-10-09 12:00:00,18.895833333333332,8.275,43.875,12,Friday,2026-10-09,Good,3.4035714285714285
20.6,35,0.0,4.0,3.9,152.0,5.4,New_York,40.7128,-74.006,2026-10-09 13:00:00,18.791666666666668,7.908333333333334,43.583333333333336,13,Friday,2026-10-09,Good,4.4035714285714285
21.0,34,0.0,3.9,3.7,139.0,4.2,New_York,40.7128,-74.006,2026-10-09 14:00:00,18.67083333333333,7.679166666666667,43.5,14,Friday,2026-10-09,Good,4.803571428571427
21.5,32,0.0,3.9,3.7,131.0,2.1,New_York,40.7128,-74.006,2026-10-09 15:00:00,18.554166666666667,7.579166666666666,43.5,15,Friday,2026-10-09,Good,5.303571428571427
21.3,32,0.0,3.9,3.6,131.0,1.1,New_York,40.7128,-74.006,2026-10-09 16:00:00,18.429166666666667,7.558333333333334,43.5,16,Friday,2026-10-09,Good,5.103571428571428
20.8,34,0.0,4.2,3.9,151.0,6.5,New_York,40.7128,-74.006,2026-10-09 17:00:00,18.304166666666667,7.579166666666666,43.5,17,Friday,2026-10-09,Good,4.603571428571428
20.2,36,0.0,7.5,7.1,205.0,24.4,New_York,40.7128,-74.006,2026-10-09 18:00:00,18.195833333333333,7.6625000000000005,43.458333333333336,18,Friday,2026-10-09,Good,4.003571428571426
19.2,40,0.0,16.3,15.8,280.0,48.7,New_York,40.7128,-74.006,2026-10-09 19:00:00,18.095833333333335,7.970833333333332,43.416666666666664,19,Friday,2026-10-09,Moderate,3.0035714285714263
18.6,43,0.0,24.9,24.4,347.0,66.4,New_York,40.7128,-74.006,2026-10-09 20:00:00,18.0125,8.541666666666666,43.25,20,Friday,2026-10-09,Moderate,2.4035714285714285
18.1,44,0.0,31.2,30.6,401.0,71.4,New_York,40.7128,-74.006,2026-10-09 21:00:00,17.929166666666667,9.341666666666667,43.0,21,Friday,2026-10-09,Moderate,1.9035714285714285
17.4,46,0.0,32.6,32.0,447.0,69.9,New_York,40.7128,-74.006,2026-10-09 22:00:00,17.849999999999998,10.195833333333333,42.791666666666664,22,Friday,2026-10-09,Moderate,1.2035714285714256
16.8,47,0.0,35.3,34.6,475.0,67.2,New_York,40.7128,-74.006,2026-10-09 23:00:00,17.783333333333335,11.166666666666666,42.666666666666664,23,Friday,2026-10-09,Moderate,0.6035714285714278
16.3,48,0.0,40.5,39.8,476.0,64.4,New_York,40.7128,-74.006,2026-10-10 00:00:00,17.725,12.383333333333333,42.666666666666664,0,Saturday,2026-10-10,Unhealthy for Sensitive Groups,0.10357142857142776
15.8,49,0.0,44.2,43.7,458.0,60.4,New_York,40.7128,-74.006,2026-10-10 01:00:00,17.675,13.808333333333332,42.833333333333336,1,Saturday,2026-10-10,Unhealthy for Sensitive Groups,-0.39642857142857224
15.2,51,0.0,44.2,43.7,433.0,57.5,New_York,40.7128,-74.006,2026-10-10 02:00:00,17.620833333333334,15.270833333333334,43.083333333333336,2,Saturday,2026-10-10,Unhealthy for Sensitive Groups,-0.9964285714285737
14.8,51,0.0,42.4,41.8,393.0,56.9,New_York,40.7128,-74.006,2026-10-10 03:00:00,17.575,16.683333333333334,43.291666666666664,3,Saturday,2026-10-10,Unhealthy for Sensitive Groups,-1.3964285714285722
14.5,51,0.0,38.5,38.0,345.0,57.4,New_York,40.7128,-74.006,2026-10-10 04:00:00,17.537499999999998,17.9625,43.416666666666664,4,Saturday,2026-10-10,Unhealthy for Sensitive Groups,-1.696428571428573
14.2,50,0.0,36.2,35.5,322.0,57.3,New_York,40.7128,-74.006,2026-10-10 05:00:00,17.508333333333336,19.158333333333335,43.416666666666664,5,Saturday,2026-10-10,Unhealthy for Sensitive Groups,-1.9964285714285737
13.9,50,0.0,35.0,34.3,353.0,55.9,New_York,40.7128,-74.006,2026-10-10 06:00:00,17.483333333333334,20.308333333333334,43.375,6,Saturday,2026-10-10,Moderate,-2.2964285714285726
13.6,50,0.0,35.3,34.6,409.0,54.0,New_York,40.7128,-74.006,2026-10-10 07:00:00,17.458333333333336,21.420833333333334,43.333333333333336,7,Saturday,2026-10-10,Moderate,-2.5964285714285733
13.9,49,0.0,38.6,38.0,433.0,52.0,New_York,40.7128,-74.006,2026-10-10 08:00:00,17.433333333333334,22.575,43.291666666666664,8,Saturday,2026-10-10,Unhealthy for Sensitive Groups,-2.2964285714285726
14.9,44,0.0,36.4,35.7,392.0,50.1,New_York,40.7128,-74.006,2026-10-10 09:00:00,17.404166666666665,23.616666666666664,43.166666666666664,9,Saturday,2026-10-10,Unhealthy for Sensitive Groups,-1.2964285714285726
16.2,40,0.0,31.7,30.5,320.0,48.2,New_York,40.7128,-74.006,2026-10-10 10:00:00,17.366666666666667,24.541666666666668,43.041666666666664,10,Saturday,2026-10-10,Moderate,0.0035714285714263383
17.3,37,0.0,30.9,29.7,256.0,45.9,New_York,40.7128,-74.006,2026-10-10 11:00:00,17.320833333333333,25.537500000000005,42.916666666666664,11,Saturday,2026-10-10,Moderate,1.1035714285714278
18.2,38,0.0,29.8,28.8,213.0,42.9,New_York,40.7128,-74.006,2026-10-10 12:00:00,17.2625,26.558333333333334,42.958333333333336,12,Saturday,2026-10-10,Moderate,2.0035714285714263
18.2,43,0.0,28.3,27.5,180.0,39.6,New_York,40.7128,-74.006,2026-10-10 13:00:00,17.1625,27.541666666666668,43.291666666666664,13,Saturday,2026-10-10,Moderate,2.0035714285714263
18.0,51,0.0,27.4,26.7,156.0,36.8,New_York,40.7128,-74.006,2026-10-10 14:00:00,17.0375,28.5,44.0,14,Saturday,2026-10-10,Moderate,1.803571428571427
18.2,54,0.0,26.8,26.3,146.0,33.2,New_York,40.7128,-74.006,2026-10-10 15:00:00,16.900000000000002,29.441666666666666,44.916666666666664,15,Saturday,2026-10-10,Moderate,2.0035714285714263
18.1,57,0.0,26.4,25.6,146.0,30.3,New_York,40.7128,-74.006,2026-10-10 16:00:00,16.76666666666667,30.358333333333334,45.958333333333336,16,Saturday,2026-10-10,Moderate,1.9035714285714285
18.2,59,0.0,26.9,25.4,150.0,33.0,New_York,40.7128,-74.006,2026-10-10 17:00:00,16.658333333333335,31.254166666666666,47.0,17,Saturday,2026-10-10,Moderate,2.0035714285714263
17.8,64,0.0,30.7,28.5,161.0,46.7,New_York,40.7128,-74.006,2026-10-10 18:00:00,16.558333333333334,32.145833333333336,48.166666666666664,18,Saturday,2026-10-10,Moderate,1.6035714285714278
17.7,69,0.0,33.1,31.0,175.0,66.1,New_York,40.7128,-74.006,2026-10-10 19:00:00,16.495833333333334,32.77916666666667,49.375,19,Saturday,2026-10-10,Moderate,1.5035714285714263
17.7,72,0.0,31.5,29.5,183.0,80.3,New_York,40.7128,-74.006,2026-10-10 20:00:00,16.458333333333332,32.99166666666667,50.583333333333336,20,Saturday,2026-10-10,Moderate,1.5035714285714263
17.6,72,0.0,31.5,29.5,185.0,80.3,New_York,40.7128,-74.006,2026-10-10 21:00:00,16.4375,32.94583333333333,51.75,21,Saturday,2026-10-10,Moderate,1.4035714285714285
17.3,72,0.0,31.5,29.5,184.0,80.3,New_York,40.7128,-74.006,2026-10-10 22:00:00,16.433333333333334,32.84166666666667,52.833333333333336,22,Saturday,2026-10-10,Moderate,1.1035714285714278
17.1,69,0.0,31.5,29.5,184.0,80.3,New_York,40.7128,-74.006,2026-10-10 23:00:00,16.445833333333333,32.62916666666667,53.75,23,Saturday,2026-10-10,Moderate,0.9035714285714285
16.7,67,0.0,31.5,29.5,184.0,80.3,New_York,40.7128,-74.006,2026-10-11 00:00:00,16.4625,32.199999999999996,54.541666666666664,0,Sunday,2026-10-11,Moderate,0.5035714285714263
16.4,68,0.0,31.5,29.5,184.0,80.3,New_York,40.7128,-74.006,2026-10-11 01:00:00,16.4875,31.608333333333334,55.333333333333336,1,Sunday,2026-10-11,Moderate,0.20357142857142563
16.2,69,0.0,31.5,29.5,184.0,80.3,New_York,40.7128,-74.006,2026-10-11 02:00:00,16.529166666666665,31.016666666666666,56.083333333333336,2,Sunday,2026-10-11,Moderate,0.0035714285714263383
16.0,70,0.0,31.5,29.5,184.0,80.3,New_York,40.7128,-74.006,2026-10-11 03:00:00,16.57916666666667,30.504166666666666,56.875,3,Sunday,2026-10-11,Moderate,-0.19642857142857295
15.9,71,0.0,31.5,29.5,184.0,80.3,New_York,40.7128,-74.006,2026-10-11 04:00:00,16.6375,30.150000000000002,57.708333333333336,4,Sunday,2026-10-11,Moderate,-0.2964285714285726
15.7,72,0.0,31.5,29.5,184.0,80.3,New_York,40.7128,-74.006,2026-10-11 05:00:00,16.7,29.900000000000002,58.625,5,Sunday,2026-10-11,Moderate,-0.49642857142857366
15.6,73,0.0,31.5,29.5,184.0,80.3,New_York,40.7128,-74.006,2026-10-11 06:00:00,16.770833333333332,29.7,59.583333333333336,6,Sunday,2026-10-11,Moderate,-0.5964285714285733
15.4,75,0.0,31.5,29.5,184.0,80.3,New_York,40.7128,-74.006,2026-10-11 07:00:00,16.84583333333333,29.4875,60.625,7,Sunday,2026-10-11,Moderate,-0.7964285714285726
15.7,74,0.0,31.5,29.5,184.0,80.3,New_York,40.7128,-74.006,2026-10-11 08:00:00,16.920833333333334,29.133333333333336,61.666666666666664,8,Sunday,2026-10-11,Moderate,-0.49642857142857366
16.5,71,0.0,31.5,29.5,184.0,80.3,New_York,40.7128,-74.006,2026-10-11 09:00:00,16.9875,28.875,62.791666666666664,9,Sunday,2026-10-11,Moderate,0.30357142857142705
17.7,67,0.0,31.5,29.5,184.0,80.3,New_York,40.7128,-74.006,2026-10-11 10:00:00,17.05,28.833333333333332,63.916666666666664,10,Sunday,2026-10-11,Moderate,1.5035714285714263
18.8,63,0.0,31.5,29.5,184.0,80.3,New_York,40.7128,-74.006,2026-10-11 11:00:00,17.1125,28.825,65.0,11,Sunday,2026-10-11,Moderate,2.6035714285714278
19.9,59,0.0,31.5,29.5,184.0,80.3,New_York,40.7128,-74.006,2026-10-11 12:00:00,17.183333333333334,28.854166666666668,65.875,12,Sunday,2026-10-11,Moderate,3.7035714285714256
20.9,56,0.0,31.5,29.5,184.0,80.3,New_York,40.7128,-74.006,2026-10-11 13:00:00,17.29583333333333,28.9375,66.41666666666667,13,Sunday,2026-10-11,Moderate,4.703571428571426
21.6,54,0.0,31.5,29.5,184.0,80.3,New_York,40.7128,-74.006,2026-10-11 14:00:00,17.445833333333333,29.054166666666664,66.54166666666667,14,Sunday,2026-10-11,Moderate,5.4035714285714285
21.7,55,0.0,31.5,29.5,184.0,80.3,New_York,40.7128,-74.006,2026-10-11 15:00:00,17.591666666666665,29.1875,66.58333333333333,15,Sunday,2026-10-11,Moderate,5.503571428571426
21.5,57,0.0,31.5,29.5,184.0,80.3,New_York,40.7128,-74.006,2026-10-11 16:00:00,17.73333333333333,29.349999999999998,66.58333333333333,16,Sunday,2026-10-11,Moderate,5.303571428571427
21.1,60,0.0,31.5,29.5,184.0,80.3,New_York,40.7128,-74.006,2026-10-11 17:00:00,17.854166666666668,29.520833333333332,66.625,17,Sunday,2026-10-11,Moderate,4.9035714285714285
20.7,62,0.0,31.5,29.5,184.0,80.3,New_York,40.7128,-74.006,2026-10-11 18:00:00,17.974999999999998,29.5625,66.54166666666667,18,Sunday,2026-10-11,Moderate,4.503571428571426
20.3,64,0.0,31.5,29.5,184.0,80.3,New_York,40.7128,-74.006,2026-10-11 19:00:00,18.083333333333332,29.5,66.33333333333333,19,Sunday,2026-10-11,Moderate,4.103571428571428
19.8,66,0.0,31.5,29.5,184.0,80.3,New_York,40.7128,-74.006,2026-10-11 20:00:00,18.170833333333334,29.5,66.08333333333333,20,Sunday,2026-10-11,Moderate,3.6035714285714278
19.5,69,0.0,31.5,29.5,184.0,80.3,New_York,40.7128,-74.006,2026-10-11 21:00:00,18.25,29.5,65.95833333333333,21,Sunday,2026-10-11,Moderate,3.303571428571427
19.2,72,0.0,31.5,29.5,184.0,80.3,New_York,40.7128,-74.006,2026-10-11 22:00:00,18.32916666666667,29.5,65.95833333333333,22,Sunday,2026-10-11,Moderate,3.0035714285714263
18.9,75,0.0,31.5,29.5,184.0,80.3,New_York,40.7128,-74.006,2026-10-11 23:00:00,18.404166666666665,29.5,66.20833333333333,23,Sunday,2026-10-11,Moderate,2.7035714285714256
18.6,79,0.1,31.5,29.5,184.0,80.3,New_York,40.7128,-74.006,2026-10-12 00:00:00,18.483333333333334,29.5,66.70833333333333,0,Monday,2026-10-12,Moderate,2.4035714285714285
18.3,83,0.1,31.5,29.5,184.0,80.3,New_York,40.7128,-74.006,2026-10-12 01:00:00,18.5625,29.5,67.33333333333333,1,Monday,2026-10-12,Moderate,2.1035714285714278
18.0,86,0.1,31.5,29.5,184.0,80.3,New_York,40.7128,-74.006,2026-10-12 02:00:00,18.6375,29.5,68.04166666666667,2,Monday,2026-10-12,Moderate,1.803571428571427
17.9,88,1.7,31.5,29.5,184.0,80.3,New_York,40.7128,-74.006,2026-10-12 03:00:00,18.716666666666665,29.5,68.79166666666667,3,Monday,2026-10-12,Moderate,1.7035714285714256
17.8,90,1.7,31.5,29.5,184.0,80.3,New_York,40.7128,-74.006,2026-10-12 04:00:00,18.795833333333334,29.5,69.58333333333333,4,Monday,2026-10-12,Moderate,1.6035714285714278
17.7,91,1.7,31.5,29.5,184.0,80.3,New_York,40.7128,-74.006,2026-10-12 05:00:00,18.879166666666666,29.5,70.375,5,Monday,2026-10-12,Moderate,1.5035714285714263
17.4,93,5.5,31.5,29.5,184.0,80.3,New_York,40.7128,-74.006,2026-10-12 06:00:00,18.954166666666666,29.5,71.20833333333333,6,Monday,2026-10-12,Moderate,1.2035714285714256
17.1,95,5.5,31.5,29.5,184.0,80.3,New_York,40.7128,-74.006,2026-10-12 07:00:00,19.025000000000002,29.5,72.04166666666667,7,Monday,2026-10-12,Moderate,0.9035714285714285
16.8,96,5.5,31.5,29.5,184.0,80.3,New_York,40.7128,-74.006,2026-10-12 08:00:00,19.070833333333333,29.5,72.95833333333333,8,Monday,2026-10-12,Moderate,0.6035714285714278
16.8,96,1.6,31.5,29.5,184.0,80.3,New_York,40.7128,-74.006,2026-10-12 09:00:00,19.083333333333332,29.5,74.0,9,Monday,2026-10-12,Moderate,0.6035714285714278
17.0,94,1.6,31.5,29.5,184.0,80.3,New_York,40.7128,-74.006,2026-10-12 10:00:00,19.054166666666664,29.5,75.125,10,Monday,2026-10-12,Moderate,0.803571428571427
17.1,93,1.6,31.5,29.5,184.0,80.3,New_York,40.7128,-74.006,2026-10-12 11:00:00,18.983333333333334,29.5,76.375,11,Monday,2026-10-12,Moderate,0.9035714285714285
17.2,93,0.2,31.5,29.5,184.0,80.3,New_York,40.7128,-74.006,2026-10-12 12:00:00,18.870833333333334,29.5,77.79166666666667,12,Monday,2026-10-12,Moderate,1.0035714285714263
17.3,92,0.2,31.5,29.5,184.0,80.3,New_York,40.7128,-74.006,2026-10-12 13:00:00,18.720833333333335,29.5,79.29166666666667,13,Monday,2026-10-12,Moderate,1.1035714285714278
17.3,92,0.2,31.5,29.5,184.0,80.3,New_York,40.7128,-74.006,2026-10-12 14:00:00,18.541666666666668,29.5,80.875,14,Monday,2026-10-12,Moderate,1.1035714285714278
17.3,91,0.1,31.5,29.5,184.0,80.3,New_York,40.7128,-74.006,2026-10-12 15:00:00,18.358333333333334,29.5,82.375,15,Monday,2026-10-12,Moderate,1.1035714285714278
17.3,90,0.1,31.5,29.5,184.0,80.3,New_York,40.7128,-74.006,2026-10-12 16:00:00,18.183333333333334,29.5,83.75,16,Monday,2026-10-12,Moderate,1.1035714285714278
17.3,89,0.1,31.5,29.5,184.0,80.3,New_York,40.7128,-74.006,2026-10-12 17:00:00,18.025,29.5,84.95833333333333,17,Monday,2026-10-12,Moderate,1.1035714285714278
17.4,88,0.1,31.5,29.5,184.0,80.3,New_York,40.7128,-74.006,2026-10-12 18:00:00,17.8875,29.5,86.04166666666667,18,Monday,2026-10-12,Moderate,1.2035714285714256
17.4,88,0.1,31.5,29.5,184.0,80.3,New_York,40.7128,-74.006,2026-10-12 19:00:00,17.766666666666666,29.5,87.04166666666667,19,Monday,2026-10-12,Moderate,1.2035714285714256
17.4,87,0.1,31.5,29.5,184.0,80.3,New_York,40.7128,-74.006,2026-10-12 20:00:00,17.666666666666668,29.5,87.91666666666667,20,Monday,2026-10-12,Moderate,1.2035714285714256
17.2,87,0.0,31.5,29.5,184.0,80.3,New_York,40.7128,-74.006,2026-10-12 21:00:00,17.570833333333336,29.5,88.66666666666667,21,Monday,2026-10-12,Moderate,1.0035714285714263
16.8,86,0.0,31.5,29.5,184.0,80.3,New_York,40.7128,-74.006,2026-10-12 22:00:00,17.47083333333333,29.5,89.25,22,Monday,2026-10-12,Moderate,0.6035714285714278
16.6,86,0.0,31.5,29.5,184.0,80.3,New_York,40.7128,-74.006,2026-10-12 23:00:00,17.375,29.5,89.70833333333333,23,Monday,2026-10-12,Moderate,0.40357142857142847
20.2,62,0.0,23.5,22.5,172.0,50.7,Tokyo,35.6762,139.6503,2026-10-07 00:00:00,20.2,22.5,62.0,0,Wednesday,2026-10-07,Moderate,0.32261904761904603
19.8,63,0.0,16.6,16.1,161.0,41.0,Tokyo,35.6762,139.6503,2026-10-07 01:00:00,20.0,19.3,62.5,1,Wednesday,2026-10-07,Moderate,-0.07738095238095255
19.5,64,0.0,10.3,9.7,153.0,27.9,Tokyo,35.6762,139.6503,2026-10-07 02:00:00,19.833333333333332,16.099999999999998,63.0,2,Wednesday,2026-10-07,Good,-0.37738095238095326
19.3,64,0.0,6.2,5.6,148.0,18.8,Tokyo,35.6762,139.6503,2026-10-07 03:00:00,19.7,13.475,63.25,3,Wednesday,2026-10-07,Good,-0.5773809523809526
19.2,65,0.0,4.9,4.2,146.0,17.3,Tokyo,35.6762,139.6503,2026-10-07 04:00:00,19.6,11.620000000000001,63.6,4,Wednesday,2026-10-07,Good,-0.677380952380954
19.0,65,0.0,5.5,4.6,146.0,19.8,Tokyo,35.6762,139.6503,2026-10-07 05:00:00,19.5,10.450000000000001,63.833333333333336,5,Wednesday,2026-10-07,Good,-0.8773809523809533
18.9,64,0.0,9.1,7.9,150.0,22.7,Tokyo,35.6762,139.6503,2026-10-07 06:00:00,19.414285714285715,10.085714285714285,63.857142857142854,6,Wednesday,2026-10-07,Good,-0.9773809523809547
19.0,62,0.0,13.1,11.7,160.0,25.5,Tokyo,35.6762,139.6503,2026-10-07 07:00:00,19.3625,10.2875,63.625,7,Wednesday,2026-10-07,Good,-0.8773809523809533
19.5,58,0.0,15.2,13.6,173.0,28.7,Tokyo,35.6762,139.6503,2026-10-07 08:00:00,19.37777777777778,10.655555555555557,63.0,8,Wednesday,2026-10-07,Moderate,-0.37738095238095326
20.4,52,0.0,17.1,15.4,180.0,30.5,Tokyo,35.6762,139.6503,2026-10-07 09:00:00,19.48,11.129999999999999,61.9,9,Wednesday,2026-10-07,Moderate,0.5226190476190453
21.5,49,0.0,16.8,14.9,174.0,29.5,Tokyo,35.6762,139.6503,2026-10-07 10:00:00,19.663636363636364,11.472727272727273,60.72727272727273,10,Wednesday,2026-10-07,Moderate,1.6226190476190467
22.8,46,0.0,17.2,15.0,162.0,27.1,Tokyo,35.6762,139.6503,2026-10-07 11:00:00,19.925,11.766666666666666,59.5,11,Wednesday,2026-10-07,Moderate,2.9226190476190474
23.9,42,0.0,17.3,14.8,159.0,25.2,Tokyo,35.6762,139.6503,2026-10-07 12:00:00,20.23076923076923,12.0,58.15384615384615,12,Wednesday,2026-10-07,Moderate,4.022619047619045
24.8,41,0.0,18.2,15.3,162.0,22.5,Tokyo,35.6762,139.6503,2026-10-07 13:00:00,20.557142857142857,12.235714285714286,56.92857142857143,13,Wednesday,2026-10-07,Moderate,4.9226190476190474
25.1,39,0.0,18.8,15.8,174.0,20.3,Tokyo,35.6762,139.6503,2026-10-07 14:00:00,20.86,12.473333333333333,55.733333333333334,14,Wednesday,2026-10-07,Moderate,5.222619047619048
25.0,38,0.0,20.6,17.2,214.0,25.3,Tokyo,35.6762,139.6503,2026-10-07 15:00:00,21.11875,12.76875,54.625,15,Wednesday,2026-10-07,Moderate,5.122619047619047
24.5,39,0.0,24.9,21.5,315.0,44.5,Tokyo,35.6762,139.6503,2026-10-07 16:00:00,21.31764705882353,13.282352941176471,53.705882352941174,16,Wednesday,2026-10-07,Moderate,4.622619047619047
22.5,51,0.0,33.5,30.5,444.0,70.9,Tokyo,35.6762,139.6503,2026-10-07 17:00:00,21.383333333333333,14.238888888888889,53.55555555555556,17,Wednesday,2026-10-07,Moderate,2.6226190476190467
20.8,62,0.0,45.9,43.2,527.0,89.5,Tokyo,35.6762,139.6503,2026-10-07 18:00:00,21.352631578947367,15.763157894736842,54.0,18,Wednesday,2026-10-07,Unhealthy for Sensitive Groups,0.9226190476190474
19.9,66,0.0,50.8,48.2,529.0,92.8,Tokyo,35.6762,139.6503,2026-10-07 19:00:00,21.28,17.384999999999998,54.6,19,Wednesday,2026-10-07,Unhealthy for Sensitive Groups,0.022619047619045318
19.6,54,0.0,53.2,50.8,485.0,88.2,Tokyo,35.6762,139.6503,2026-10-07 20:00:00,21.2,18.976190476190474,54.57142857142857,20,Wednesday,2026-10-07,Unhealthy for Sensitive Groups,-0.27738095238095184
18.5,56,0.0,55.3,53.0,423.0,83.6,Tokyo,35.6762,139.6503,2026-10-07 21:00:00,21.077272727272728,20.522727272727273,54.63636363636363,21,Wednesday,2026-10-07,Unhealthy for Sensitive Groups,-1.3773809523809533
17.9,58,0.0,57.3,55.1,338.0,81.3,Tokyo,35.6762,139.6503,2026-10-07 22:00:00,20.93913043478261,22.02608695652174,54.78260869565217,22,Wednesday,2026-10-07,Unhealthy for Sensitive Groups,-1.9773809523809547
17.4,60,0.0,66.4,64.3,236.0,78.9,Tokyo,35.6762,139.6503,2026-10-07 23:00:00,20.791666666666668,23.787499999999998,55.0,23,Wednesday,2026-10-07,Unhealthy,-2.4773809523809547
17.1,61,0.0,65.4,63.8,163.0,76.6,Tokyo,35.6762,139.6503,2026-10-08 00:00:00,20.6625,25.508333333333336,54.958333333333336,0,Thursday,2026-10-08,Unhealthy,-2.777380952380952
16.9,61,0.0,56.0,54.6,144.0,74.8,Tokyo,35.6762,139.6503,2026-10-08 01:00:00,20.541666666666668,27.112499999999997,54.875,1,Thursday,2026-10-08,Unhealthy for Sensitive Groups,-2.9773809523809547
16.6,60,0.0,45.6,44.2,154.0,73.2,Tokyo,35.6762,139.6503,2026-10-08 02:00:00,20.420833333333334,28.55,54.708333333333336,2,Thursday,2026-10-08,Unhealthy for Sensitive Groups,-3.277380952380952
16.4,61,0.0,36.9,35.6,171.0,70.9,Tokyo,35.6762,139.6503,2026-10-08 03:00:00,20.3,29.8,54.583333333333336,3,Thursday,2026-10-08,Unhealthy for Sensitive Groups,-3.4773809523809547
16.2,62,0.0,31.4,30.2,189.0,67.7,Tokyo,35.6762,139.6503,2026-10-08 04:00:00,20.175,30.88333333333333,54.458333333333336,4,Thursday,2026-10-08,Moderate,-3.677380952380954
15.9,63,0.0,29.5,28.2,214.0,63.8,Tokyo,35.6762,139.6503,2026-10-08 05:00:00,20.045833333333334,31.866666666666664,54.375,5,Thursday,2026-10-08,Moderate,-3.977380952380953
15.5,65,0.0,35.4,34.3,233.0,59.0,Tokyo,35.6762,139.6503,2026-10-08 06:00:00,19.90416666666667,32.96666666666666,54.416666666666664,6,Thursday,2026-10-08,Moderate,-4.377380952380953
16.1,63,0.0,46.3,45.3,246.0,53.0,Tokyo,35.6762,139.6503,2026-10-08 07:00:00,19.783333333333335,34.36666666666667,54.458333333333336,7,Thursday,2026-10-08,Unhealthy for Sensitive Groups,-3.777380952380952
17.6,59,0.0,39.9,37.8,254.0,46.1,Tokyo,35.6762,139.6503,2026-10-08 08:00:00,19.70416666666667,35.375,54.5,8,Thursday,2026-10-08,Unhealthy for Sensitive Groups,-2.277380952380952
19.1,55,0.0,32.0,28.9,252.0,39.4,Tokyo,35.6762,139.6503,2026-10-08 09:00:00,19.65,35.9375,54.625,9,Thursday,2026-10-08,Moderate,-0.7773809523809518
20.5,51,0.0,25.7,21.8,232.0,32.4,Tokyo,35.6762,139.6503,2026-10-08 10:00:00,19.60833333333333,36.225,54.708333333333336,10,Thursday,2026-10-08,Moderate,0.6226190476190467
21.5,49,0.0,24.6,19.6,202.0,25.7,Tokyo,35.6762,139.6503,2026-10-08 11:00:00,19.554166666666664,36.416666666666664,54.833333333333336,11,Thursday,2026-10-08,Moderate,1.6226190476190467
22.5,49,0.0,28.0,22.1,182.0,21.6,Tokyo,35.6762,139.6503,2026-10-08 12:00:00,19.495833333333334,36.72083333333333,55.125,12,Thursday,2026-10-08,Moderate,2.6226190476190467
23.2,48,0.0,31.0,24.6,173.0,20.1,Tokyo,35.6762,139.6503,2026-10-08 13:00:00,19.429166666666667,37.108333333333334,55.416666666666664,13,Thursday,2026-10-08,Moderate,3.322619047619046
23.7,47,0.0,33.5,26.7,175.0,21.4,Tokyo,35.6762,139.6503,2026-10-08 14:00:00,19.370833333333334,37.5625,55.75,14,Thursday,2026-10-08,Moderate,3.822619047619046
23.9,46,0.0,34.6,27.8,199.0,28.3,Tokyo,35.6762,139.6503,2026-10-08 15:00:00,19.325,38.00416666666667,56.083333333333336,15,Thursday,2026-10-08,Moderate,4.022619047619045
23.5,46,0.0,35.3,28.6,267.0,45.9,Tokyo,35.6762,139.6503,2026-10-08 16:00:00,19.283333333333335,38.300000000000004,56.375,16,Thursday,2026-10-08,Moderate,3.6226190476190467
22.4,52,0.0,40.3,34.6,359.0,69.2,Tokyo,35.6762,139.6503,2026-10-08 17:00:00,19.27916666666667,38.47083333333334,56.416666666666664,17,Thursday,2026-10-08,Moderate,2.5226190476190453
20.7,66,0.0,52.9,48.4,426.0,86.1,Tokyo,35.6762,139.6503,2026-10-08 18:00:00,19.275000000000002,38.6875,56.583333333333336,18,Thursday,2026-10-08,Unhealthy for Sensitive Groups,0.822619047619046
20.2,62,0.0,49.2,44.9,446.0,90.5,Tokyo,35.6762,139.6503,2026-10-08 19:00:00,19.287499999999998,38.55,56.416666666666664,19,Thursday,2026-10-08,Unhealthy for Sensitive Groups,0.32261904761904603
19.2,72,0.0,47.1,43.2,440.0,88.5,Tokyo,35.6762,139.6503,2026-10-08 20:00:00,19.270833333333332,38.233333333333334,57.166666666666664,20,Thursday,2026-10-08,Unhealthy for Sensitive Groups,-0.677380952380954
18.3,79,0.0,46.7,43.2,428.0,86.2,Tokyo,35.6762,139.6503,2026-10-08 21:00:00,19.2625,37.824999999999996,58.125,21,Thursday,2026-10-08,Unhealthy for Sensitive Groups,-1.5773809523809526
17.7,84,0.0,50.2,46.9,415.0,85.4,Tokyo,35.6762,139.6503,2026-10-08 22:00:00,19.254166666666666,37.483333333333334,59.208333333333336,22,Thursday,2026-10-08,Unhealthy for Sensitive Groups,-2.177380952380954
17.6,81,0.0,57.6,54.4,395.0,84.1,Tokyo,35.6762,139.6503,2026-10-08 23:00:00,19.2625,37.07083333333333,60.083333333333336,23,Thursday,2026-10-08,Unhealthy for Sensitive Groups,-2.277380952380952
16.9,82,0.0,65.0,61.9,368.0,83.0,Tokyo,35.6762,139.6503,2026-10-09 00:00:00,19.254166666666666,36.99166666666667,60.958333333333336,0,Friday,2026-10-09,Unhealthy,-2.9773809523809547
16.2,85,0.0,68.9,66.6,325.0,82.4,Tokyo,35.6762,139.6503,2026-10-09 01:00:00,19.224999999999998,37.49166666666667,61.958333333333336,1,Friday,2026-10-09,Unhealthy,-3.677380952380954
15.6,85,0.0,66.4,64.3,276.0,81.9,Tokyo,35.6762,139.6503,2026-10-09 02:00:00,19.183333333333334,38.329166666666666,63.0,2,Friday,2026-10-09,Unhealthy,-4.277380952380954
15.1,85,0.0,62.9,60.5,248.0,80.4,Tokyo,35.6762,139.6503,2026-10-09 03:00:00,19.129166666666666,39.36666666666667,64.0,3,Friday,2026-10-09,Unhealthy,-4.777380952380954
14.8,85,0.0,58.2,55.4,263.0,77.7,Tokyo,35.6762,139.6503,2026-10-09 04:00:00,19.070833333333333,40.416666666666664,64.95833333333333,4,Friday,2026-10-09,Unhealthy for Sensitive Groups,-5.0773809523809526
14.5,84,0.0,56.1,53.6,299.0,74.0,Tokyo,35.6762,139.6503,2026-10-09 05:00:00,19.0125,41.475,65.83333333333333,5,Friday,2026-10-09,Unhealthy for Sensitive Groups,-5.377380952380953
14.2,84,0.0,60.8,58.2,323.0,69.5,Tokyo,35.6762,139.6503,2026-10-09 06:00:00,18.958333333333332,42.47083333333334,66.625,6,Friday,2026-10-09,Unhealthy,-5.677380952380954
14.9,79,0.0,66.1,63.1,322.0,63.9,Tokyo,35.6762,139.6503,2026-10-09 07:00:00,18.908333333333335,43.2125,67.29166666666667,7,Friday,2026-10-09,Unhealthy,-4.977380952380953
16.8,71,0.0,68.9,65.0,310.0,57.4,Tokyo,35.6762,139.6503,2026-10-09 08:00:00,18.875,44.34583333333333,67.79166666666667,8,Friday,2026-10-09,Unhealthy,-3.0773809523809526
18.8,64,0.0,54.0,47.5,290.0,50.5,Tokyo,35.6762,139.6503,2026-10-09 09:00:00,18.8625,45.12083333333333,68.16666666666667,9,Friday,2026-10-09,Unhealthy for Sensitive Groups,-1.0773809523809526
20.5,59,0.0,36.0,30.2,259.0,42.6,Tokyo,35.6762,139.6503,2026-10-09 10:00:00,18.8625,45.47083333333333,68.5,10,Friday,2026-10-09,Moderate,0.6226190476190467
22.1,55,0.0,29.5,24.0,221.0,34.4,Tokyo,35.6762,139.6503,2026-10-09 11:00:00,18.8875,45.65416666666667,68.75,11,Friday,2026-10-09,Moderate,2.222619047619048
23.2,51,0.0,27.9,22.4,192.0,28.5,Tokyo,35.6762,139.6503,2026-10-09 12:00:00,18.916666666666668,45.666666666666664,68.83333333333333,12,Friday,2026-10-09,Moderate,3.322619047619046
23.9,48,0.0,27.9,22.4,176.0,25.4,Tokyo,35.6762,139.6503,2026-10-09 13:00:00,18.945833333333333,45.574999999999996,68.83333333333333,13,Friday,2026-10-09,Moderate,4.022619047619045
24.4,46,0.0,28.3,22.5,170.0,24.6,Tokyo,35.6762,139.6503,2026-10-09 14:00:00,18.974999999999998,45.4,68.79166666666667,14,Friday,2026-10-09,Moderate,4.522619047619045
24.4,45,0.0,27.7,22.1,178.0,27.3,Tokyo,35.6762,139.6503,2026-10-09 15:00:00,18.995833333333334,45.1625,68.75,15,Friday,2026-10-09,Moderate,4.522619047619045
24.0,46,0.0,26.7,21.5,212.0,35.2,Tokyo,35.6762,139.6503,2026-10-09 16:00:00,19.016666666666666,44.86666666666667,68.75,16,Friday,2026-10-09,Moderate,4.122619047619047
22.8,52,0.0,27.9,23.3,261.0,46.6,Tokyo,35.6762,139.6503,2026-10-09 17:00:00,19.033333333333335,44.395833333333336,68.75,17,Friday,2026-10-09,Moderate,2.9226190476190474
21.5,64,0.0,32.8,28.8,296.0,57.1,Tokyo,35.6762,139.6503,2026-10-09 18:00:00,19.066666666666666,43.57916666666667,68.66666666666667,18,Friday,2026-10-09,Moderate,1.6226190476190467
20.4,66,0.0,36.7,32.9,306.0,65.8,Tokyo,35.6762,139.6503,2026-10-09 19:00:00,19.075,43.07916666666667,68.83333333333333,19,Friday,2026-10-09,Moderate,0.5226190476190453
19.3,77,0.0,40.0,36.4,302.0,73.7,Tokyo,35.6762,139.6503,2026-10-09 20:00:00,19.079166666666666,42.79583333333333,69.04166666666667,20,Friday,2026-10-09,Unhealthy for Sensitive Groups,-0.5773809523809526
18.7,78,0.0,44.2,41.0,296.0,79.1,Tokyo,35.6762,139.6503,2026-10-09 21:00:00,19.095833333333335,42.70416666666666,69.0,21,Friday,2026-10-09,Unhealthy for Sensitive Groups,-1.177380952380954
18.2,80,0.0,53.6,50.6,289.0,81.2,Tokyo,35.6762,139.6503,2026-10-09 22:00:00,19.116666666666667,42.85833333333333,68.83333333333333,22,Friday,2026-10-09,Unhealthy for Sensitive Groups,-1.677380952380954
17.6,80,0.0,52.6,50.5,279.0,80.8,Tokyo,35.6762,139.6503,2026-10-09 23:00:00,19.116666666666664,42.69583333333333,68.79166666666667,23,Friday,2026-10-09,Unhealthy for Sensitive Groups,-2.277380952380952
16.8,82,0.0,50.3,48.1,268.0,78.7,Tokyo,35.6762,139.6503,2026-10-10 00:00:00,19.1125,42.12083333333333,68.79166666666667,0,Saturday,2026-10-10,Unhealthy for Sensitive Groups,-3.0773809523809526
16.1,85,0.0,47.0,44.6,255.0,74.6,Tokyo,35.6762,139.6503,2026-10-10 01:00:00,19.108333333333334,41.204166666666666,68.79166666666667,1,Saturday,2026-10-10,Unhealthy for Sensitive Groups,-3.777380952380952
15.5,87,0.0,42.0,39.5,240.0,68.8,Tokyo,35.6762,139.6503,2026-10-10 02:00:00,19.104166666666668,40.170833333333334,68.875,2,Saturday,2026-10-10,Unhealthy for Sensitive Groups,-4.377380952380953
15.1,90,0.0,37.8,35.2,235.0,63.0,Tokyo,35.6762,139.6503,2026-10-10 03:00:00,19.104166666666668,39.11666666666667,69.08333333333333,3,Saturday,2026-10-10,Moderate,-4.777380952380954
14.9,92,0.0,35.2,32.4,246.0,57.5,Tokyo,35.6762,139.6503,2026-10-10 04:00:00,19.108333333333334,38.15833333333334,69.375,4,Saturday,2026-10-10,Moderate,-4.977380952380953
14.7,92,0.0,34.0,30.9,265.0,52.0,Tokyo,35.6762,139.6503,2026-10-10 05:00:00,19.116666666666667,37.2125,69.70833333333333,5,Saturday,2026-10-10,Moderate,-5.177380952380954
14.5,92,0.0,37.0,34.0,279.0,47.3,Tokyo,35.6762,139.6503,2026-10-10 06:00:00,19.129166666666666,36.204166666666666,70.04166666666667,6,Saturday,2026-10-10,Moderate,-5.377380952380953
15.7,87,0.0,41.6,38.8,287.0,44.3,Tokyo,35.6762,139.6503,2026-10-10 07:00:00,19.162499999999998,35.19166666666666,70.375,7,Saturday,2026-10-10,Unhealthy for Sensitive Groups,-4.177380952380954
17.8,78,0.0,50.8,49.5,290.0,42.0,Tokyo,35.6762,139.6503,2026-10-10 08:00:00,19.204166666666666,34.54583333333333,70.66666666666667,8,Saturday,2026-10-10,Unhealthy for Sensitive Groups,-2.0773809523809526
19.9,68,0.0,40.9,37.1,279.0,38.3,Tokyo,35.6762,139.6503,2026-10-10 09:00:00,19.25,34.1125,70.83333333333333,9,Saturday,2026-10-10,Unhealthy for Sensitive Groups,0.022619047619045318
21.5,61,0.0,32.6,27.2,243.0,31.2,Tokyo,35.6762,139.6503,2026-10-10 10:00:00,19.291666666666668,33.987500000000004,70.91666666666667,10,Saturday,2026-10-10,Moderate,1.6226190476190467
22.8,56,0.0,29.2,23.5,193.0,22.7,Tokyo,35.6762,139.6503,2026-10-10 11:00:00,19.320833333333333,33.96666666666667,70.95833333333333,11,Saturday,2026-10-10,Moderate,2.9226190476190474
23.6,53,0.0,27.1,21.4,155.0,16.8,Tokyo,35.6762,139.6503,2026-10-10 12:00:00,19.337500000000002,33.925000000000004,71.04166666666667,12,Saturday,2026-10-10,Moderate,3.722619047619048
23.7,52,0.0,23.0,17.7,138.0,14.8,Tokyo,35.6762,139.6503,2026-10-10 13:00:00,19.329166666666666,33.729166666666664,71.20833333333333,13,Saturday,2026-10-10,Moderate,3.822619047619046
24.3,48,0.0,22.0,16.9,134.0,15.3,Tokyo,35.6762,139.6503,2026-10-10 14:00:00,19.325,33.49583333333334,71.29166666666667,14,Saturday,2026-10-10,Moderate,4.4226190476190474
24.3,49,0.0,21.9,16.9,141.0,18.4,Tokyo,35.6762,139.6503,2026-10-10 15:00:00,19.320833333333336,33.27916666666667,71.45833333333333,15,Saturday,2026-10-10,Moderate,4.4226190476190474
23.3,53,0.0,22.9,17.6,167.0,25.2,Tokyo,35.6762,139.6503,2026-10-10 16:00:00,19.291666666666668,33.11666666666667,71.75,16,Saturday,2026-10-10,Moderate,3.4226190476190474
21.8,61,0.0,26.3,21.1,205.0,34.5,Tokyo,35.6762,139.6503,2026-10-10 17:00:00,19.25,33.025,72.125,17,Saturday,2026-10-10,Moderate,1.9226190476190474
20.5,69,0.0,31.8,26.8,231.0,42.8,Tokyo,35.6762,139.6503,2026-10-10 18:00:00,19.208333333333332,32.94166666666667,72.33333333333333,18,Saturday,2026-10-10,Moderate,0.6226190476190467
19.7,73,0.0,36.4,31.5,233.0,49.9,Tokyo,35.6762,139.6503,2026-10-10 19:00:00,19.179166666666664,32.88333333333333,72.625,19,Saturday,2026-10-10,Moderate,-0.17738095238095397
19.1,75,0.0,40.5,35.7,223.0,56.0,Tokyo,35.6762,139.6503,2026-10-10 20:00:00,19.170833333333334,32.854166666666664,72.54166666666667,20,Saturday,2026-10-10,Unhealthy for Sensitive Groups,-0.7773809523809518
18.6,78,0.0,41.4,36.8,214.0,58.4,Tokyo,35.6762,139.6503,2026-10-10 21:00:00,19.166666666666668,32.67916666666667,72.54166666666667,21,Saturday,2026-10-10,Unhealthy for Sensitive Groups,-1.2773809523809518
18.1,80,0.0,40.5,35.7,213.0,54.6,Tokyo,35.6762,139.6503,2026-10-10 22:00:00,19.162499999999998,32.05833333333334,72.54166666666667,22,Saturday,2026-10-10,Unhealthy for Sensitive Groups,-1.7773809523809518
17.7,81,0.0,37.6,32.7,213.0,47.0,Tokyo,35.6762,139.6503,2026-10-10 23:00:00,19.166666666666668,31.316666666666666,72.58333333333333,23,Saturday,2026-10-10,Moderate,-2.177380952380954
17.4,83,0.0,34.1,29.1,211.0,40.4,Tokyo,35.6762,139.6503,2026-10-11 00:00:00,19.191666666666666,30.525000000000002,72.625,0,Sunday,2026-10-11,Moderate,-2.4773809523809547
17.1,83,0.0,31.0,25.8,203.0,36.1,Tokyo,35.6762,139.6503,2026-10-11 01:00:00,19.233333333333334,29.741666666666664,72.54166666666667,1,Sunday,2026-10-11,Moderate,-2.777380952380952
17.0,83,0.0,28.3,23.3,193.0,32.8,Tokyo,35.6762,139.6503,2026-10-11 02:00:00,19.295833333333334,29.066666666666666,72.375,2,Sunday,2026-10-11,Moderate,-2.8773809523809533
16.9,82,0.0,25.9,21.2,190.0,31.0,Tokyo,35.6762,139.6503,2026-10-11 03:00:00,19.370833333333334,28.483333333333334,72.04166666666667,3,Sunday,2026-10-11,Moderate,-2.9773809523809547
16.6,81,0.0,21.9,18.1,200.0,32.0,Tokyo,35.6762,139.6503,2026-10-11 04:00:00,19.441666666666666,27.8875,71.58333333333333,4,Sunday,2026-10-11,Moderate,-3.277380952380952
16.4,80,0.0,21.2,17.5,217.0,34.5,Tokyo,35.6762,139.6503,2026-10-11 05:00:00,19.5125,27.329166666666666,71.08333333333333,5,Sunday,2026-10-11,Moderate,-3.4773809523809547
16.7,78,0.0,25.0,21.1,227.0,35.6,Tokyo,35.6762,139.6503,2026-10-11 06:00:00,19.604166666666668,26.791666666666668,70.5,6,Sunday,2026-10-11,Moderate,-3.177380952380954
17.7,73,0.0,29.9,25.0,220.0,33.3,Tokyo,35.6762,139.6503,2026-10-11 07:00:00,19.6875,26.21666666666667,69.91666666666667,7,Sunday,2026-10-11,Moderate,-2.177380952380954
19.3,68,0.0,38.0,32.7,207.0,29.6,Tokyo,35.6762,139.6503,2026-10-11 08:00:00,19.75,25.51666666666667,69.5,8,Sunday,2026-10-11,Moderate,-0.5773809523809526
20.8,63,0.0,36.6,28.2,199.0,26.8,Tokyo,35.6762,139.6503,2026-10-11 09:00:00,19.7875,25.145833333333332,69.29166666666667,9,Sunday,2026-10-11,Moderate,0.9226190476190474
22.3,59,0.0,36.6,28.2,197.0,26.8,Tokyo,35.6762,139.6503,2026-10-11 10:00:00,19.820833333333336,25.1875,69.20833333333333,10,Sunday,2026-10-11,Moderate,2.4226190476190474
23.7,56,0.0,36.6,28.2,198.0,26.8,Tokyo,35.6762,139.6503,2026-10-11 11:00:00,19.858333333333334,25.38333333333333,69.20833333333333,11,Sunday,2026-10-11,Moderate,3.822619047619046
24.9,54,0.0,36.6,28.2,198.0,26.8,Tokyo,35.6762,139.6503,2026-10-11 12:00:00,19.912499999999998,25.666666666666668,69.25,12,Sunday,2026-10-11,Moderate,5.022619047619045
25.6,52,0.0,36.6,28.2,198.0,26.8,Tokyo,35.6762,139.6503,2026-10-11 13:00:00,19.991666666666667,26.10416666666667,69.25,13,Sunday,2026-10-11,Moderate,5.722619047619048
26.1,51,0.0,36.6,28.2,198.0,26.8,Tokyo,35.6762,139.6503,2026-10-11 14:00:00,20.066666666666666,26.575,69.375,14,Sunday,2026-10-11,Moderate,6.222619047619048
26.0,52,0.0,36.6,28.2,198.0,26.8,Tokyo,35.6762,139.6503,2026-10-11 15:00:00,20.1375,27.045833333333334,69.5,15,Sunday,2026-10-11,Moderate,6.122619047619047
25.0,57,0.0,36.6,28.2,198.0,26.8,Tokyo,35.6762,139.6503,2026-10-11 16:00:00,20.208333333333332,27.487499999999997,69.66666666666667,16,Sunday,2026-10-11,Moderate,5.122619047619047
23.5,66,0.0,36.6,28.2,198.0,26.8,Tokyo,35.6762,139.6503,2026-10-11 17:00:00,20.27916666666667,27.783333333333335,69.875,17,Sunday,2026-10-11,Moderate,3.6226190476190467
22.2,74,0.0,36.6,28.2,198.0,26.8,Tokyo,35.6762,139.6503,2026-10-11 18:00:00,20.35,27.84166666666667,70.08333333333333,18,Sunday,2026-10-11,Moderate,2.322619047619046
21.1,80,0.0,36.6,28.2,198.0,26.8,Tokyo,35.6762,139.6503,2026-10-11 19:00:00,20.408333333333335,27.704166666666666,70.375,19,Sunday,2026-10-11,Moderate,1.2226190476190482
20.2,84,0.0,36.6,28.2,198.0,26.8,Tokyo,35.6762,139.6503,2026-10-11 20:00:00,20.454166666666666,27.39166666666667,70.75,20,Sunday,2026-10-11,Moderate,0.32261904761904603
19.4,87,0.0,36.6,28.2,198.0,26.8,Tokyo,35.6762,139.6503,2026-10-11 21:00:00,20.4875,27.03333333333333,71.125,21,Sunday,2026-10-11,Moderate,-0.4773809523809547
18.7,89,0.0,36.6,28.2,198.0,26.8,Tokyo,35.6762,139.6503,2026-10-11 22:00:00,20.5125,26.72083333333333,71.5,22,Sunday,2026-10-11,Moderate,-1.177380952380954
18.1,90,0.0,36.6,28.2,198.0,26.8,Tokyo,35.6762,139.6503,2026-10-11 23:00:00,20.52916666666667,26.533333333333335,71.875,23,Sunday,2026-10-11,Moderate,-1.7773809523809518
17.6,91,0.0,36.6,28.2,198.0,26.8,Tokyo,35.6762,139.6503,2026-10-12 00:00:00,20.537499999999998,26.495833333333334,72.20833333333333,0,Monday,2026-10-12,Moderate,-2.277380952380952
17.3,93,0.0,36.6,28.2,198.0,26.8,Tokyo,35.6762,139.6503,2026-10-12 01:00:00,20.54583333333333,26.595833333333335,72.625,1,Monday,2026-10-12,Moderate,-2.5773809523809526
17.1,95,0.0,36.6,28.2,198.0,26.8,Tokyo,35.6762,139.6503,2026-10-12 02:00:00,20.55,26.799999999999997,73.125,2,Monday,2026-10-12,Moderate,-2.777380952380952
16.8,96,0.0,36.6,28.2,198.0,26.8,Tokyo,35.6762,139.6503,2026-10-12 03:00:00,20.545833333333334,27.09166666666667,73.70833333333333,3,Monday,2026-10-12,Moderate,-3.0773809523809526
16.0,99,0.0,36.6,28.2,198.0,26.8,Tokyo,35.6762,139.6503,2026-10-12 04:00:00,20.520833333333332,27.5125,74.45833333333333,4,Monday,2026-10-12,Moderate,-3.8773809523809533
15.1,100,0.0,36.6,28.2,198.0,26.8,Tokyo,35.6762,139.6503,2026-10-12 05:00:00,20.466666666666665,27.958333333333332,75.29166666666667,5,Monday,2026-10-12,Moderate,-4.777380952380954
15.1,98,0.0,36.6,28.2,198.0,26.8,Tokyo,35.6762,139.6503,2026-10-12 06:00:00,20.400000000000002,28.254166666666666,76.125,6,Monday,2026-10-12,Moderate,-4.777380952380954
16.5,89,0.0,36.6,28.2,198.0,26.8,Tokyo,35.6762,139.6503,2026-10-12 07:00:00,20.35,28.3875,76.79166666666667,7,Monday,2026-10-12,Moderate,-3.3773809523809533
18.8,77,0.0,36.6,28.2,198.0,26.8,Tokyo,35.6762,139.6503,2026-10-12 08:00:00,20.32916666666667,28.2,77.16666666666667,8,Monday,2026-10-12,Moderate,-1.0773809523809526
20.9,66,0.0,36.6,28.2,198.0,26.8,Tokyo,35.6762,139.6503,2026-10-12 09:00:00,20.333333333333332,28.2,77.29166666666667,9,Monday,2026-10-12,Moderate,1.0226190476190453
22.6,58,0.0,36.6,28.2,198.0,26.8,Tokyo,35.6762,139.6503,2026-10-12 10:00:00,20.345833333333335,28.2,77.25,10,Monday,2026-10-12,Moderate,2.722619047619048
24.1,50,0.0,36.6,28.2,198.0,26.8,Tokyo,35.6762,139.6503,2026-10-12 11:00:00,20.3625,28.2,77.0,11,Monday,2026-10-12,Moderate,4.222619047619048
25.0,46,0.0,36.6,28.2,198.0,26.8,Tokyo,35.6762,139.6503,2026-10-12 12:00:00,20.366666666666667,28.2,76.66666666666667,12,Monday,2026-10-12,Moderate,5.122619047619047
25.4,47,0.0,36.6,28.2,198.0,26.8,Tokyo,35.6762,139.6503,2026-10-12 13:00:00,20.358333333333334,28.2,76.45833333333333,13,Monday,2026-10-12,Moderate,5.522619047619045
25.3,50,0.0,36.6,28.2,198.0,26.8,Tokyo,35.6762,139.6503,2026-10-12 14:00:00,20.325,28.2,76.41666666666667,14,Monday,2026-10-12,Moderate,5.4226190476190474
24.7,53,0.0,36.6,28.2,198.0,26.8,Tokyo,35.6762,139.6503,2026-10-12 15:00:00,20.270833333333332,28.2,76.45833333333333,15,Monday,2026-10-12,Moderate,4.822619047619046
23.4,58,0.0,36.6,28.2,198.0,26.8,Tokyo,35.6762,139.6503,2026-10-12 16:00:00,20.204166666666666,28.2,76.5,16,Monday,2026-10-12,Moderate,3.5226190476190453
21.8,63,0.0,36.6,28.2,198.0,26.8,Tokyo,35.6762,139.6503,2026-10-12 17:00:00,20.133333333333333,28.2,76.375,17,Monday,2026-10-12,Moderate,1.9226190476190474
20.3,68,0.0,36.6,28.2,198.0,26.8,Tokyo,35.6762,139.6503,2026-10-12 18:00:00,20.054166666666667,28.2,76.125,18,Monday,2026-10-12,Moderate,0.42261904761904745
20.4,72,0.0,36.6,28.2,198.0,26.8,Tokyo,35.6762,139.6503,2026-10-12 19:00:00,20.025000000000002,28.2,75.79166666666667,19,Monday,2026-10-12,Moderate,0.5226190476190453
19.2,78,0.0,36.6,28.2,198.0,26.8,Tokyo,35.6762,139.6503,2026-10-12 20:00:00,19.98333333333333,28.2,75.54166666666667,20,Monday,2026-10-12,Moderate,-0.677380952380954
18.2,83,0.0,36.6,28.2,198.0,26.8,Tokyo,35.6762,139.6503,2026-10-12 21:00:00,19.933333333333334,28.2,75.375,21,Monday,2026-10-12,Moderate,-1.677380952380954
17.5,86,0.0,36.6,28.2,198.0,26.8,Tokyo,35.6762,139.6503,2026-10-12 22:00:00,19.883333333333333,28.2,75.25,22,Monday,2026-10-12,Moderate,-2.3773809523809533
17.0,88,0.0,36.6,28.2,198.0,26.8,Tokyo,35.6762,139.6503,2026-10-12 23:00:00,19.8375,28.2,75.16666666666667,23,Monday,2026-10-12,Moderate,-2.8773809523809533
16.5,90,0.0,36.6,28.2,198.0,26.8,Tokyo,35.6762,139.6503,2026-10-13 00:00:00,19.791666666666668,28.2,75.125,0,Tuesday,2026-10-13,Moderate,-3.3773809523809533
16.2,90,0.0,36.6,28.2,198.0,26.8,Tokyo,35.6762,139.6503,2026-10-13 01:00:00,19.745833333333334,28.2,75.0,1,Tuesday,2026-10-13,Moderate,-3.677380952380954
16.0,90,0.0,36.6,28.2,198.0,26.8,Tokyo,35.6762,139.6503,2026-10-13 02:00:00,19.7,28.2,74.79166666666667,2,Tuesday,2026-10-13,Moderate,-3.8773809523809533
16.1,89,0.0,36.6,28.2,198.0,26.8,Tokyo,35.6762,139.6503,2026-10-13 03:00:00,19.67083333333333,28.2,74.5,3,Tuesday,2026-10-13,Moderate,-3.777380952380952
16.4,87,0.0,36.6,28.2,198.0,26.8,Tokyo,35.6762,139.6503,2026-10-13 04:00:00,19.6875,28.2,74.0,4,Tuesday,2026-10-13,Moderate,-3.4773809523809547
17.0,84,0.0,36.6,28.2,198.0,26.8,Tokyo,35.6762,139.6503,2026-10-13 05:00:00,19.766666666666666,28.2,73.33333333333333,5,Tuesday,2026-10-13,Moderate,-2.8773809523809533
17.8,80,0.0,36.6,28.2,198.0,26.8,Tokyo,35.6762,139.6503,2026-10-13 06:00:00,19.879166666666666,28.2,72.58333333333333,6,Tuesday,2026-10-13,Moderate,-2.0773809523809526
18.6,77,0.0,36.6,28.2,198.0,26.8,Tokyo,35.6762,139.6503,2026-10-13 07:00:00,19.966666666666665,28.2,72.08333333333333,7,Tuesday,2026-10-13,Moderate,-1.2773809523809518
19.5,73,0.0,36.6,28.2,198.0,26.8,Tokyo,35.6762,139.6503,2026-10-13 08:00:00,19.995833333333334,28.2,71.91666666666667,8,Tuesday,2026-10-13,Moderate,-0.37738095238095326
20.3,69,0.0,36.6,28.2,198.0,26.8,Tokyo,35.6762,139.6503,2026-10-13 09:00:00,19.970833333333335,28.2,72.04166666666667,9,Tuesday,2026-10-13,Moderate,0.42261904761904745
21.1,64,0.0,36.6,28.2,198.0,26.8,Tokyo,35.6762,139.6503,2026-10-13 10:00:00,19.90833333333333,28.2,72.29166666666667,10,Tuesday,2026-10-13,Moderate,1.2226190476190482
22.1,58,0.0,36.6,28.2,198.0,26.8,Tokyo,35.6762,139.6503,2026-10-13 11:00:00,19.825,28.2,72.625,11,Tuesday,2026-10-13,Moderate,2.222619047619048
23.1,52,0.0,36.6,28.2,198.0,26.8,Tokyo,35.6762,139.6503,2026-10-13 12:00:00,19.745833333333334,28.2,72.875,12,Tuesday,2026-10-13,Moderate,3.222619047619048
23.9,48,0.0,36.6,28.2,198.0,26.8,Tokyo,35.6762,139.6503,2026-10-13 13:00:00,19.683333333333334,28.2,72.91666666666667,13,Tuesday,2026-10-13,Moderate,4.022619047619045
24.6,45,0.0,36.6,28.2,198.0,26.8,Tokyo,35.6762,139.6503,2026-10-13 14:00:00,19.65416666666667,28.2,72.70833333333333,14,Tuesday,2026-10-13,Moderate,4.722619047619048
24.8,45,0.0,36.6,28.2,198.0,26.8,Tokyo,35.6762,139.6503,2026-10-13 15:00:00,19.65833333333333,28.2,72.375,15,Tuesday,2026-10-13,Moderate,4.9226190476190474
24.6,47,0.0,36.6,28.2,198.0,26.8,Tokyo,35.6762,139.6503,2026-10-13 16:00:00,19.708333333333332,28.2,71.91666666666667,16,Tuesday,2026-10-13,Moderate,4.722619047619048
24.1,52,0.0,36.6,28.2,198.0,26.8,Tokyo,35.6762,139.6503,2026-10-13 17:00:00,19.804166666666667,28.2,71.45833333333333,17,Tuesday,2026-10-13,Moderate,4.222619047619048
23.2,60,0.0,36.6,28.2,198.0,26.8,Tokyo,35.6762,139.6503,2026-10-13 18:00:00,19.925,28.2,71.125,18,Tuesday,2026-10-13,Moderate,3.322619047619046
22.3,69,0.0,36.6,28.2,198.0,26.8,Tokyo,35.6762,139.6503,2026-10-13 19:00:00,20.004166666666666,28.2,71.0,19,Tuesday,2026-10-13,Moderate,2.4226190476190474
21.5,78,0.0,36.6,28.2,198.0,26.8,Tokyo,35.6762,139.6503,2026-10-13 20:00:00,20.1,28.2,71.0,20,Tuesday,2026-10-13,Moderate,1.6226190476190467
20.8,85,0.0,36.6,28.2,198.0,26.8,Tokyo,35.6762,139.6503,2026-10-13 21:00:00,20.208333333333332,28.2,71.08333333333333,21,Tuesday,2026-10-13,Moderate,0.9226190476190474
20.3,88,0.0,36.6,28.2,198.0,26.8,Tokyo,35.6762,139.6503,2026-10-13 22:00:00,20.325,28.2,71.16666666666667,22,Tuesday,2026-10-13,Moderate,0.42261904761904745
19.7,90,0.0,36.6,28.2,198.0,26.8,Tokyo,35.6762,139.6503,2026-10-13 23:00:00,20.4375,28.2,71.25,23,Tuesday,2026-10-13,Moderate,-0.17738095238095397
